    #  ,  Model          ,  Ref. (kcal/mol) 
    1  ,  GLH_GLH_GLH_1  ,          5.28626 
    2  ,  GLH_GLH_GLH_2  ,          7.32667 
    3  ,  GLH_GLH_GLH_3  ,          8.91956 
    4  ,  GLH_GLH_GLH_4  ,          8.98745 
    5  ,  GLH_GLH_GLH_5  ,         11.29275 
    6  ,  GLH_GLN_GLH_1  ,          2.68456 
    7  ,  GLH_GLN_GLH_2  ,          3.92403 
    8  ,  GLH_GLN_GLH_3  ,          4.43032 
    9  ,  GLH_GLN_GLH_4  ,          6.47196 
   10  ,  GLH_GLN_GLH_5  ,          7.20401 
   11  ,  GLH_HIS_GLH_1  ,          1.82837 
   12  ,  GLH_HIS_GLH_2  ,          3.57671 
   13  ,  GLH_HIS_GLH_3  ,          4.05682 
   14  ,  GLH_HIS_GLH_4  ,          8.56078 
   15  ,  GLH_HIS_GLH_5  ,          8.92025 
   16  ,  GLH_LEU_GLH_1  ,          4.83319 
   17  ,  GLH_LEU_GLH_2  ,          4.83572 
   18  ,  GLH_LEU_GLH_3  ,          5.00435 
   19  ,  GLH_LEU_GLH_4  ,          6.32653 
   20  ,  GLH_LEU_GLH_5  ,          7.50525 
   21  ,  GLH_MET_GLH_1  ,          1.79437 
   22  ,  GLH_MET_GLH_2  ,          2.80229 
   23  ,  GLH_MET_GLH_3  ,          2.83443 
   24  ,  GLH_MET_GLH_4  ,          4.32486 
   25  ,  GLH_MET_GLH_5  ,          6.44146 
   26  ,  GLH_PRO_GLH_1  ,          3.94223 
   27  ,  GLH_PRO_GLH_2  ,          7.98951 
   28  ,  GLH_PRO_GLH_3  ,          8.22631 
   29  ,  GLH_PRO_GLH_4  ,         10.75814 
   30  ,  GLH_PRO_GLH_5  ,         11.01632 
   31  ,  GLH_TRP_GLH_1  ,          6.06129 
   32  ,  GLH_TRP_GLH_2  ,          6.51731 
   33  ,  GLH_TRP_GLH_3  ,          6.60202 
   34  ,  GLH_TRP_GLH_4  ,          7.82560 
   35  ,  GLH_TRP_GLH_5  ,          8.88753 
   36  ,  GLH_TYR_GLH_1  ,          0.11214 
   37  ,  GLH_TYR_GLH_2  ,          1.47437 
   38  ,  GLH_TYR_GLH_3  ,          1.55559 
   39  ,  GLH_TYR_GLH_4  ,          1.81284 
   40  ,  GLH_TYR_GLH_5  ,          5.19164 
   41  ,  GLN_GLH_GLH_1  ,          4.93854 
   42  ,  GLN_GLH_GLH_2  ,          6.16182 
   43  ,  GLN_GLH_GLH_3  ,          7.89138 
   44  ,  GLN_GLH_GLH_4  ,          7.94405 
   45  ,  GLN_GLH_GLH_5  ,          8.30038 
   46  ,  GLN_GLH_GLN_1  ,          4.91292 
   47  ,  GLN_GLH_GLN_2  ,          4.98889 
   48  ,  GLN_GLH_GLN_3  ,          5.83460 
   49  ,  GLN_GLH_GLN_4  ,          6.78233 
   50  ,  GLN_GLH_GLN_5  ,          8.01696 
   51  ,  GLN_GLH_HIS_1  ,          2.56017 
   52  ,  GLN_GLH_HIS_2  ,          3.82474 
   53  ,  GLN_GLH_HIS_3  ,          5.19199 
   54  ,  GLN_GLH_HIS_4  ,          6.89381 
   55  ,  GLN_GLH_HIS_5  ,          6.98251 
   56  ,  GLN_GLH_MET_1  ,          2.76284 
   57  ,  GLN_GLH_MET_2  ,          4.08745 
   58  ,  GLN_GLH_MET_3  ,          4.80324 
   59  ,  GLN_GLH_MET_4  ,          4.83520 
   60  ,  GLN_GLH_MET_5  ,          6.35398 
   61  ,  GLN_GLN_GLH_1  ,          5.83589 
   62  ,  GLN_GLN_GLH_2  ,          6.52803 
   63  ,  GLN_GLN_GLH_3  ,          6.62831 
   64  ,  GLN_GLN_GLH_4  ,          7.31858 
   65  ,  GLN_GLN_GLH_5  ,         10.17079 
   66  ,  GLN_GLN_GLN_1  ,          0.54875 
   67  ,  GLN_GLN_GLN_2  ,          2.99576 
   68  ,  GLN_GLN_GLN_3  ,          3.54012 
   69  ,  GLN_GLN_GLN_4  ,          6.51337 
   70  ,  GLN_GLN_GLN_5  ,          7.00040 
   71  ,  GLN_GLN_HIS_1  ,          2.53038 
   72  ,  GLN_GLN_HIS_2  ,          3.81301 
   73  ,  GLN_GLN_HIS_3  ,          4.45540 
   74  ,  GLN_GLN_HIS_4  ,          4.54498 
   75  ,  GLN_GLN_HIS_5  ,          6.17519 
   76  ,  GLN_GLN_MET_1  ,          6.32567 
   77  ,  GLN_GLN_MET_2  ,          6.78544 
   78  ,  GLN_GLN_MET_3  ,          6.95305 
   79  ,  GLN_GLN_MET_4  ,          7.36525 
   80  ,  GLN_GLN_MET_5  ,          8.29018 
   81  ,  GLN_HIS_GLH_1  ,          0.34976 
   82  ,  GLN_HIS_GLH_2  ,          1.50112 
   83  ,  GLN_HIS_GLH_3  ,          1.59962 
   84  ,  GLN_HIS_GLH_4  ,          2.89202 
   85  ,  GLN_HIS_GLH_5  ,          4.26268 
   86  ,  GLN_HIS_GLN_1  ,          3.46349 
   87  ,  GLN_HIS_GLN_2  ,          4.66865 
   88  ,  GLN_HIS_GLN_3  ,          4.83296 
   89  ,  GLN_HIS_GLN_4  ,          6.42571 
   90  ,  GLN_HIS_GLN_5  ,         10.35764 
   91  ,  GLN_HIS_HIS_1  ,          1.58252 
   92  ,  GLN_HIS_HIS_2  ,          1.88038 
   93  ,  GLN_HIS_HIS_3  ,          2.15519 
   94  ,  GLN_HIS_HIS_4  ,          3.03295 
   95  ,  GLN_HIS_HIS_5  ,          3.44105 
   96  ,  GLN_HIS_MET_1  ,          1.48680 
   97  ,  GLN_HIS_MET_2  ,          5.28065 
   98  ,  GLN_HIS_MET_3  ,          5.40549 
   99  ,  GLN_HIS_MET_4  ,          5.45237 
  100  ,  GLN_HIS_MET_5  ,          6.89518 
  101  ,  GLN_LEU_GLH_1  ,          3.63189 
  102  ,  GLN_LEU_GLH_2  ,          5.84833 
  103  ,  GLN_LEU_GLH_3  ,          6.10207 
  104  ,  GLN_LEU_GLH_4  ,          6.45418 
  105  ,  GLN_LEU_GLH_5  ,          6.58608 
  106  ,  GLN_LEU_GLN_1  ,          2.83943 
  107  ,  GLN_LEU_GLN_2  ,          3.76485 
  108  ,  GLN_LEU_GLN_3  ,          5.30396 
  109  ,  GLN_LEU_GLN_4  ,          5.37349 
  110  ,  GLN_LEU_GLN_5  ,          7.17863 
  111  ,  GLN_LEU_HIS_1  ,          1.65239 
  112  ,  GLN_LEU_HIS_2  ,          1.67460 
  113  ,  GLN_LEU_HIS_3  ,          3.22508 
  114  ,  GLN_LEU_HIS_4  ,          3.60606 
  115  ,  GLN_LEU_HIS_5  ,          4.02533 
  116  ,  GLN_LEU_MET_1  ,          1.69068 
  117  ,  GLN_LEU_MET_2  ,          1.72557 
  118  ,  GLN_LEU_MET_3  ,          2.06276 
  119  ,  GLN_LEU_MET_4  ,          2.43406 
  120  ,  GLN_LEU_MET_5  ,          2.57379 
  121  ,  GLN_MET_GLH_1  ,          3.62490 
  122  ,  GLN_MET_GLH_2  ,          4.64906 
  123  ,  GLN_MET_GLH_3  ,          5.57502 
  124  ,  GLN_MET_GLH_4  ,          7.32103 
  125  ,  GLN_MET_GLH_5  ,          8.73775 
  126  ,  GLN_MET_GLN_1  ,          3.64450 
  127  ,  GLN_MET_GLN_2  ,          4.53697 
  128  ,  GLN_MET_GLN_3  ,          5.68634 
  129  ,  GLN_MET_GLN_4  ,          6.28485 
  130  ,  GLN_MET_GLN_5  ,          7.34781 
  131  ,  GLN_MET_HIS_1  ,          3.63859 
  132  ,  GLN_MET_HIS_2  ,          7.35496 
  133  ,  GLN_MET_HIS_3  ,          8.57311 
  134  ,  GLN_MET_HIS_4  ,          9.48272 
  135  ,  GLN_MET_HIS_5  ,          9.97488 
  136  ,  GLN_MET_MET_1  ,          3.66197 
  137  ,  GLN_MET_MET_2  ,          5.40870 
  138  ,  GLN_MET_MET_3  ,          6.37043 
  139  ,  GLN_MET_MET_4  ,          7.00240 
  140  ,  GLN_MET_MET_5  ,          7.50343 
  141  ,  GLN_PRO_GLH_1  ,          8.16538 
  142  ,  GLN_PRO_GLH_2  ,          9.63987 
  143  ,  GLN_PRO_GLH_3  ,         10.12632 
  144  ,  GLN_PRO_GLH_4  ,         11.27187 
  145  ,  GLN_PRO_GLH_5  ,         12.44789 
  146  ,  GLN_PRO_GLN_1  ,          3.79789 
  147  ,  GLN_PRO_GLN_2  ,          7.16836 
  148  ,  GLN_PRO_GLN_3  ,          8.55410 
  149  ,  GLN_PRO_GLN_4  ,          8.74543 
  150  ,  GLN_PRO_GLN_5  ,         10.01378 
  151  ,  GLN_PRO_HIS_1  ,          5.37705 
  152  ,  GLN_PRO_HIS_2  ,          6.51346 
  153  ,  GLN_PRO_HIS_3  ,          6.99846 
  154  ,  GLN_PRO_HIS_4  ,          7.02873 
  155  ,  GLN_PRO_HIS_5  ,          7.40960 
  156  ,  GLN_PRO_MET_1  ,          0.29602 
  157  ,  GLN_PRO_MET_2  ,          2.37893 
  158  ,  GLN_PRO_MET_3  ,          2.62311 
  159  ,  GLN_PRO_MET_4  ,          3.60882 
  160  ,  GLN_PRO_MET_5  ,          3.64122 
  161  ,  GLN_TRP_GLH_1  ,          0.43902 
  162  ,  GLN_TRP_GLH_2  ,          1.42347 
  163  ,  GLN_TRP_GLH_3  ,          2.73812 
  164  ,  GLN_TRP_GLH_4  ,          3.03221 
  165  ,  GLN_TRP_GLH_5  ,          3.67614 
  166  ,  GLN_TRP_GLN_1  ,          2.88150 
  167  ,  GLN_TRP_GLN_2  ,          4.75452 
  168  ,  GLN_TRP_GLN_3  ,          5.52363 
  169  ,  GLN_TRP_GLN_4  ,          6.32917 
  170  ,  GLN_TRP_GLN_5  ,          6.90086 
  171  ,  GLN_TRP_HIS_1  ,          2.74323 
  172  ,  GLN_TRP_HIS_2  ,          6.70980 
  173  ,  GLN_TRP_HIS_3  ,          8.15091 
  174  ,  GLN_TRP_HIS_4  ,          9.31822 
  175  ,  GLN_TRP_HIS_5  ,         10.83525 
  176  ,  GLN_TRP_MET_1  ,          2.87834 
  177  ,  GLN_TRP_MET_2  ,          8.02560 
  178  ,  GLN_TRP_MET_3  ,          8.28676 
  179  ,  GLN_TRP_MET_4  ,          8.65494 
  180  ,  GLN_TRP_MET_5  ,          8.68832 
  181  ,  GLN_TYR_GLH_1  ,          2.62371 
  182  ,  GLN_TYR_GLH_2  ,          2.91705 
  183  ,  GLN_TYR_GLH_3  ,          4.67711 
  184  ,  GLN_TYR_GLH_4  ,          5.49229 
  185  ,  GLN_TYR_GLH_5  ,          5.68809 
  186  ,  GLN_TYR_GLN_1  ,          1.98676 
  187  ,  GLN_TYR_GLN_2  ,          7.03210 
  188  ,  GLN_TYR_GLN_3  ,          7.19898 
  189  ,  GLN_TYR_GLN_4  ,          7.79458 
  190  ,  GLN_TYR_GLN_5  ,          8.09572 
  191  ,  GLN_TYR_HIS_1  ,          0.85508 
  192  ,  GLN_TYR_HIS_2  ,          0.93043 
  193  ,  GLN_TYR_HIS_3  ,          1.21669 
  194  ,  GLN_TYR_HIS_4  ,          1.37968 
  195  ,  GLN_TYR_HIS_5  ,          2.57177 
  196  ,  GLN_TYR_MET_1  ,          0.38885 
  197  ,  GLN_TYR_MET_2  ,          2.24616 
  198  ,  GLN_TYR_MET_3  ,          2.58875 
  199  ,  GLN_TYR_MET_4  ,          3.17534 
  200  ,  GLN_TYR_MET_5  ,          3.95815 
  201  ,  HIS_GLH_GLH_1  ,          0.96707 
  202  ,  HIS_GLH_GLH_2  ,          5.34279 
  203  ,  HIS_GLH_GLH_3  ,          6.11653 
  204  ,  HIS_GLH_GLH_4  ,          8.61945 
  205  ,  HIS_GLH_GLH_5  ,          9.16354 
  206  ,  HIS_GLH_HIS_1  ,          4.04346 
  207  ,  HIS_GLH_HIS_2  ,          5.06699 
  208  ,  HIS_GLH_HIS_3  ,          6.43558 
  209  ,  HIS_GLH_HIS_4  ,          6.48443 
  210  ,  HIS_GLH_HIS_5  ,          7.01578 
  211  ,  HIS_GLN_GLH_1  ,          5.99046 
  212  ,  HIS_GLN_GLH_2  ,          9.70205 
  213  ,  HIS_GLN_GLH_3  ,         11.98743 
  214  ,  HIS_GLN_GLH_4  ,         13.15365 
  215  ,  HIS_GLN_GLH_5  ,         13.46528 
  216  ,  HIS_GLN_HIS_1  ,          3.15208 
  217  ,  HIS_GLN_HIS_2  ,          3.98317 
  218  ,  HIS_GLN_HIS_3  ,          5.92825 
  219  ,  HIS_GLN_HIS_4  ,          6.70490 
  220  ,  HIS_GLN_HIS_5  ,          6.84746 
  221  ,  HIS_HIS_GLH_1  ,          3.72050 
  222  ,  HIS_HIS_GLH_2  ,          5.14901 
  223  ,  HIS_HIS_GLH_3  ,          7.65448 
  224  ,  HIS_HIS_GLH_4  ,          8.13441 
  225  ,  HIS_HIS_GLH_5  ,          8.98702 
  226  ,  HIS_HIS_HIS_1  ,          2.59759 
  227  ,  HIS_HIS_HIS_2  ,          3.25149 
  228  ,  HIS_HIS_HIS_3  ,          4.63412 
  229  ,  HIS_HIS_HIS_4  ,          4.86439 
  230  ,  HIS_HIS_HIS_5  ,          5.36040 
  231  ,  HIS_LEU_GLH_1  ,          1.63135 
  232  ,  HIS_LEU_GLH_2  ,          6.61844 
  233  ,  HIS_LEU_GLH_3  ,          8.97164 
  234  ,  HIS_LEU_GLH_4  ,          9.14160 
  235  ,  HIS_LEU_GLH_5  ,          9.92142 
  236  ,  HIS_LEU_HIS_1  ,          0.33078 
  237  ,  HIS_LEU_HIS_2  ,          1.42695 
  238  ,  HIS_LEU_HIS_3  ,          2.93589 
  239  ,  HIS_LEU_HIS_4  ,          4.26653 
  240  ,  HIS_LEU_HIS_5  ,          4.68388 
  241  ,  HIS_MET_GLH_1  ,          3.39397 
  242  ,  HIS_MET_GLH_2  ,          6.08619 
  243  ,  HIS_MET_GLH_3  ,          6.99583 
  244  ,  HIS_MET_GLH_4  ,          7.66820 
  245  ,  HIS_MET_GLH_5  ,          8.51280 
  246  ,  HIS_MET_HIS_1  ,          3.69564 
  247  ,  HIS_MET_HIS_2  ,          4.25852 
  248  ,  HIS_MET_HIS_3  ,          4.53595 
  249  ,  HIS_MET_HIS_4  ,          5.26079 
  250  ,  HIS_MET_HIS_5  ,          6.57688 
  251  ,  HIS_PRO_GLH_1  ,          4.99038 
  252  ,  HIS_PRO_GLH_2  ,          5.85095 
  253  ,  HIS_PRO_GLH_3  ,          5.88352 
  254  ,  HIS_PRO_GLH_4  ,          6.03169 
  255  ,  HIS_PRO_GLH_5  ,          7.39693 
  256  ,  HIS_PRO_HIS_1  ,          0.14597 
  257  ,  HIS_PRO_HIS_2  ,          0.40551 
  258  ,  HIS_PRO_HIS_3  ,          2.25359 
  259  ,  HIS_PRO_HIS_4  ,          2.83244 
  260  ,  HIS_PRO_HIS_5  ,          3.63952 
  261  ,  HIS_TRP_GLH_1  ,          4.81142 
  262  ,  HIS_TRP_GLH_2  ,          4.96242 
  263  ,  HIS_TRP_GLH_3  ,          6.78052 
  264  ,  HIS_TRP_GLH_4  ,          9.66882 
  265  ,  HIS_TRP_GLH_5  ,         12.08575 
  266  ,  HIS_TRP_HIS_1  ,          2.59292 
  267  ,  HIS_TRP_HIS_2  ,          3.73280 
  268  ,  HIS_TRP_HIS_3  ,          4.00996 
  269  ,  HIS_TRP_HIS_4  ,          4.22575 
  270  ,  HIS_TRP_HIS_5  ,          4.77403 
  271  ,  HIS_TYR_GLH_1  ,          3.28994 
  272  ,  HIS_TYR_GLH_2  ,          6.35490 
  273  ,  HIS_TYR_GLH_3  ,          6.71431 
  274  ,  HIS_TYR_GLH_4  ,          6.86753 
  275  ,  HIS_TYR_GLH_5  ,          7.99714 
  276  ,  HIS_TYR_HIS_1  ,          1.47821 
  277  ,  HIS_TYR_HIS_2  ,          3.11457 
  278  ,  HIS_TYR_HIS_3  ,          3.11525 
  279  ,  HIS_TYR_HIS_4  ,          3.84121 
  280  ,  HIS_TYR_HIS_5  ,          4.78789 
  281  ,  LEU_GLH_GLH_1  ,          6.54567 
  282  ,  LEU_GLH_GLH_2  ,          6.97709 
  283  ,  LEU_GLH_GLH_3  ,          8.49344 
  284  ,  LEU_GLH_GLH_4  ,          8.64700 
  285  ,  LEU_GLH_GLH_5  ,          8.95377 
  286  ,  LEU_GLH_GLN_1  ,          5.28540 
  287  ,  LEU_GLH_GLN_2  ,          7.18991 
  288  ,  LEU_GLH_GLN_3  ,          8.67980 
  289  ,  LEU_GLH_GLN_4  ,          8.84885 
  290  ,  LEU_GLH_GLN_5  ,          9.82649 
  291  ,  LEU_GLH_HIS_1  ,          3.07573 
  292  ,  LEU_GLH_HIS_2  ,          6.75106 
  293  ,  LEU_GLH_HIS_3  ,          7.55425 
  294  ,  LEU_GLH_HIS_4  ,          7.64901 
  295  ,  LEU_GLH_HIS_5  ,          7.74085 
  296  ,  LEU_GLH_LEU_1  ,          4.09770 
  297  ,  LEU_GLH_LEU_2  ,          5.41441 
  298  ,  LEU_GLH_LEU_3  ,          5.82064 
  299  ,  LEU_GLH_LEU_4  ,          6.69662 
  300  ,  LEU_GLH_LEU_5  ,          7.05644 
  301  ,  LEU_GLH_MET_1  ,          4.72240 
  302  ,  LEU_GLH_MET_2  ,          5.09629 
  303  ,  LEU_GLH_MET_3  ,          6.77675 
  304  ,  LEU_GLH_MET_4  ,          6.88094 
  305  ,  LEU_GLH_MET_5  ,          7.67888 
  306  ,  LEU_GLH_PRO_1  ,          3.08582 
  307  ,  LEU_GLH_PRO_2  ,          3.40049 
  308  ,  LEU_GLH_PRO_3  ,          3.60636 
  309  ,  LEU_GLH_PRO_4  ,          3.80147 
  310  ,  LEU_GLH_PRO_5  ,          4.97697 
  311  ,  LEU_GLH_TRP_1  ,          0.15348 
  312  ,  LEU_GLH_TRP_2  ,          0.32449 
  313  ,  LEU_GLH_TRP_3  ,          1.39532 
  314  ,  LEU_GLH_TRP_4  ,          2.38390 
  315  ,  LEU_GLH_TRP_5  ,          4.26095 
  316  ,  LEU_GLH_TYR_1  ,          2.54308 
  317  ,  LEU_GLH_TYR_2  ,          3.12579 
  318  ,  LEU_GLH_TYR_3  ,          3.24029 
  319  ,  LEU_GLH_TYR_4  ,          4.31481 
  320  ,  LEU_GLH_TYR_5  ,          4.89098 
  321  ,  LEU_GLN_GLH_1  ,          4.57374 
  322  ,  LEU_GLN_GLH_2  ,          5.89316 
  323  ,  LEU_GLN_GLH_3  ,          6.53717 
  324  ,  LEU_GLN_GLH_4  ,          6.76775 
  325  ,  LEU_GLN_GLH_5  ,          7.21470 
  326  ,  LEU_GLN_GLN_1  ,          5.24660 
  327  ,  LEU_GLN_GLN_2  ,          6.27560 
  328  ,  LEU_GLN_GLN_3  ,          8.45171 
  329  ,  LEU_GLN_GLN_4  ,          9.19077 
  330  ,  LEU_GLN_GLN_5  ,         10.05684 
  331  ,  LEU_GLN_HIS_1  ,          3.25698 
  332  ,  LEU_GLN_HIS_2  ,          4.96309 
  333  ,  LEU_GLN_HIS_3  ,          6.51284 
  334  ,  LEU_GLN_HIS_4  ,          6.92245 
  335  ,  LEU_GLN_HIS_5  ,          7.80210 
  336  ,  LEU_GLN_LEU_1  ,          3.41786 
  337  ,  LEU_GLN_LEU_2  ,          6.21508 
  338  ,  LEU_GLN_LEU_3  ,          6.62919 
  339  ,  LEU_GLN_LEU_4  ,          7.13651 
  340  ,  LEU_GLN_LEU_5  ,          7.52013 
  341  ,  LEU_GLN_MET_1  ,          2.22485 
  342  ,  LEU_GLN_MET_2  ,          5.05935 
  343  ,  LEU_GLN_MET_3  ,          5.67125 
  344  ,  LEU_GLN_MET_4  ,          6.78034 
  345  ,  LEU_GLN_MET_5  ,          7.75977 
  346  ,  LEU_GLN_PRO_1  ,          1.97072 
  347  ,  LEU_GLN_PRO_2  ,          3.29970 
  348  ,  LEU_GLN_PRO_3  ,          3.46927 
  349  ,  LEU_GLN_PRO_4  ,          3.69909 
  350  ,  LEU_GLN_PRO_5  ,          3.85527 
  351  ,  LEU_GLN_TRP_1  ,          1.60897 
  352  ,  LEU_GLN_TRP_2  ,          2.15390 
  353  ,  LEU_GLN_TRP_3  ,          3.55320 
  354  ,  LEU_GLN_TRP_4  ,          3.86887 
  355  ,  LEU_GLN_TRP_5  ,          6.33034 
  356  ,  LEU_GLN_TYR_1  ,          2.07561 
  357  ,  LEU_GLN_TYR_2  ,          3.01756 
  358  ,  LEU_GLN_TYR_3  ,          5.79478 
  359  ,  LEU_GLN_TYR_4  ,          5.85415 
  360  ,  LEU_GLN_TYR_5  ,          8.01013 
  361  ,  LEU_HIS_GLH_1  ,          5.73289 
  362  ,  LEU_HIS_GLH_2  ,          6.55290 
  363  ,  LEU_HIS_GLH_3  ,          8.06621 
  364  ,  LEU_HIS_GLH_4  ,          8.20346 
  365  ,  LEU_HIS_GLH_5  ,         10.13849 
  366  ,  LEU_HIS_GLN_1  ,          2.08336 
  367  ,  LEU_HIS_GLN_2  ,          3.53758 
  368  ,  LEU_HIS_GLN_3  ,          4.44792 
  369  ,  LEU_HIS_GLN_4  ,          6.00882 
  370  ,  LEU_HIS_GLN_5  ,          6.36247 
  371  ,  LEU_HIS_HIS_1  ,          1.68090 
  372  ,  LEU_HIS_HIS_2  ,          2.37188 
  373  ,  LEU_HIS_HIS_3  ,          2.38816 
  374  ,  LEU_HIS_HIS_4  ,          3.32195 
  375  ,  LEU_HIS_HIS_5  ,          3.58202 
  376  ,  LEU_HIS_LEU_1  ,          4.85934 
  377  ,  LEU_HIS_LEU_2  ,          6.72342 
  378  ,  LEU_HIS_LEU_3  ,          7.41091 
  379  ,  LEU_HIS_LEU_4  ,          7.77376 
  380  ,  LEU_HIS_LEU_5  ,          8.29843 
  381  ,  LEU_HIS_MET_1  ,          3.08165 
  382  ,  LEU_HIS_MET_2  ,          4.26279 
  383  ,  LEU_HIS_MET_3  ,          4.53162 
  384  ,  LEU_HIS_MET_4  ,          5.66449 
  385  ,  LEU_HIS_MET_5  ,          7.00521 
  386  ,  LEU_HIS_PRO_1  ,          2.13600 
  387  ,  LEU_HIS_PRO_2  ,          2.72119 
  388  ,  LEU_HIS_PRO_3  ,          2.74083 
  389  ,  LEU_HIS_PRO_4  ,          3.10334 
  390  ,  LEU_HIS_PRO_5  ,          3.25456 
  391  ,  LEU_HIS_TRP_1  ,          1.61374 
  392  ,  LEU_HIS_TRP_2  ,          2.49043 
  393  ,  LEU_HIS_TRP_3  ,          3.06592 
  394  ,  LEU_HIS_TRP_4  ,          5.25832 
  395  ,  LEU_HIS_TRP_5  ,          5.55647 
  396  ,  LEU_HIS_TYR_1  ,          5.34084 
  397  ,  LEU_HIS_TYR_2  ,          5.81663 
  398  ,  LEU_HIS_TYR_3  ,          6.14419 
  399  ,  LEU_HIS_TYR_4  ,          6.90351 
  400  ,  LEU_HIS_TYR_5  ,          7.14139 
  401  ,  LEU_LEU_GLH_1  ,          2.11245 
  402  ,  LEU_LEU_GLH_2  ,          2.11878 
  403  ,  LEU_LEU_GLH_3  ,          4.02472 
  404  ,  LEU_LEU_GLH_4  ,          4.17357 
  405  ,  LEU_LEU_GLH_5  ,          4.55952 
  406  ,  LEU_LEU_GLN_1  ,          0.59196 
  407  ,  LEU_LEU_GLN_2  ,          0.77711 
  408  ,  LEU_LEU_GLN_3  ,          1.14864 
  409  ,  LEU_LEU_GLN_4  ,          1.54640 
  410  ,  LEU_LEU_GLN_5  ,          4.21959 
  411  ,  LEU_LEU_HIS_1  ,          0.85512 
  412  ,  LEU_LEU_HIS_2  ,          1.00931 
  413  ,  LEU_LEU_HIS_3  ,          1.12463 
  414  ,  LEU_LEU_HIS_4  ,          2.30071 
  415  ,  LEU_LEU_HIS_5  ,          2.55664 
  416  ,  LEU_LEU_LEU_1  ,          2.85798 
  417  ,  LEU_LEU_LEU_2  ,          3.03891 
  418  ,  LEU_LEU_LEU_3  ,          3.76700 
  419  ,  LEU_LEU_LEU_4  ,          3.95405 
  420  ,  LEU_LEU_LEU_5  ,          4.38487 
  421  ,  LEU_LEU_MET_1  ,          3.27422 
  422  ,  LEU_LEU_MET_2  ,          4.99779 
  423  ,  LEU_LEU_MET_3  ,          5.11885 
  424  ,  LEU_LEU_MET_4  ,          5.26086 
  425  ,  LEU_LEU_MET_5  ,          5.80341 
  426  ,  LEU_LEU_PRO_1  ,          1.26394 
  427  ,  LEU_LEU_PRO_2  ,          1.43543 
  428  ,  LEU_LEU_PRO_3  ,          1.45426 
  429  ,  LEU_LEU_PRO_4  ,          1.51311 
  430  ,  LEU_LEU_PRO_5  ,          2.09270 
  431  ,  LEU_LEU_TRP_1  ,          1.72557 
  432  ,  LEU_LEU_TRP_2  ,          2.59615 
  433  ,  LEU_LEU_TRP_3  ,          4.15103 
  434  ,  LEU_LEU_TRP_4  ,          4.68086 
  435  ,  LEU_LEU_TRP_5  ,          6.60356 
  436  ,  LEU_LEU_TYR_1  ,          0.12985 
  437  ,  LEU_LEU_TYR_2  ,          1.59547 
  438  ,  LEU_LEU_TYR_3  ,          2.18459 
  439  ,  LEU_LEU_TYR_4  ,          3.21780 
  440  ,  LEU_LEU_TYR_5  ,          3.92691 
  441  ,  LEU_MET_GLH_1  ,          6.47080 
  442  ,  LEU_MET_GLH_2  ,          7.21394 
  443  ,  LEU_MET_GLH_3  ,          7.65992 
  444  ,  LEU_MET_GLH_4  ,          7.93775 
  445  ,  LEU_MET_GLH_5  ,          9.30521 
  446  ,  LEU_MET_GLN_1  ,          0.17083 
  447  ,  LEU_MET_GLN_2  ,          1.19497 
  448  ,  LEU_MET_GLN_3  ,          1.99661 
  449  ,  LEU_MET_GLN_4  ,          3.01581 
  450  ,  LEU_MET_GLN_5  ,          3.47318 
  451  ,  LEU_MET_HIS_1  ,          1.94299 
  452  ,  LEU_MET_HIS_2  ,          3.67356 
  453  ,  LEU_MET_HIS_3  ,          4.84786 
  454  ,  LEU_MET_HIS_4  ,          5.32386 
  455  ,  LEU_MET_HIS_5  ,          5.49596 
  456  ,  LEU_MET_LEU_1  ,          1.46105 
  457  ,  LEU_MET_LEU_2  ,          4.76532 
  458  ,  LEU_MET_LEU_3  ,          4.91143 
  459  ,  LEU_MET_LEU_4  ,          5.84599 
  460  ,  LEU_MET_LEU_5  ,          6.16719 
  461  ,  LEU_MET_MET_1  ,          1.21068 
  462  ,  LEU_MET_MET_2  ,          2.42877 
  463  ,  LEU_MET_MET_3  ,          3.62213 
  464  ,  LEU_MET_MET_4  ,          3.80128 
  465  ,  LEU_MET_MET_5  ,          4.15933 
  466  ,  LEU_MET_PRO_1  ,          1.00321 
  467  ,  LEU_MET_PRO_2  ,          1.11214 
  468  ,  LEU_MET_PRO_3  ,          1.27220 
  469  ,  LEU_MET_PRO_4  ,          1.90266 
  470  ,  LEU_MET_PRO_5  ,          2.93163 
  471  ,  LEU_MET_TRP_1  ,          1.59595 
  472  ,  LEU_MET_TRP_2  ,          2.56430 
  473  ,  LEU_MET_TRP_3  ,          4.08855 
  474  ,  LEU_MET_TRP_4  ,          4.31710 
  475  ,  LEU_MET_TRP_5  ,          6.96317 
  476  ,  LEU_MET_TYR_1  ,          2.18602 
  477  ,  LEU_MET_TYR_2  ,          2.36205 
  478  ,  LEU_MET_TYR_3  ,          2.59753 
  479  ,  LEU_MET_TYR_4  ,          4.16965 
  480  ,  LEU_MET_TYR_5  ,          4.34706 
  481  ,  LEU_PRO_GLH_1  ,          1.43262 
  482  ,  LEU_PRO_GLH_2  ,          2.74782 
  483  ,  LEU_PRO_GLH_3  ,          2.75042 
  484  ,  LEU_PRO_GLH_4  ,          3.33055 
  485  ,  LEU_PRO_GLH_5  ,          5.59492 
  486  ,  LEU_PRO_GLN_1  ,          3.94599 
  487  ,  LEU_PRO_GLN_2  ,          5.46189 
  488  ,  LEU_PRO_GLN_3  ,          7.96591 
  489  ,  LEU_PRO_GLN_4  ,          8.10613 
  490  ,  LEU_PRO_GLN_5  ,          8.18199 
  491  ,  LEU_PRO_HIS_1  ,          3.56227 
  492  ,  LEU_PRO_HIS_2  ,          4.14473 
  493  ,  LEU_PRO_HIS_3  ,          4.92635 
  494  ,  LEU_PRO_HIS_4  ,          6.40156 
  495  ,  LEU_PRO_HIS_5  ,          6.79117 
  496  ,  LEU_PRO_LEU_1  ,          0.37801 
  497  ,  LEU_PRO_LEU_2  ,          0.46498 
  498  ,  LEU_PRO_LEU_3  ,          0.80842 
  499  ,  LEU_PRO_LEU_4  ,          1.06255 
  500  ,  LEU_PRO_LEU_5  ,          1.16554 
  501  ,  LEU_PRO_MET_1  ,          0.59813 
  502  ,  LEU_PRO_MET_2  ,          1.02752 
  503  ,  LEU_PRO_MET_3  ,          1.69768 
  504  ,  LEU_PRO_MET_4  ,          2.16138 
  505  ,  LEU_PRO_MET_5  ,          2.40438 
  506  ,  LEU_PRO_PRO_1  ,          0.11430 
  507  ,  LEU_PRO_PRO_2  ,          0.18402 
  508  ,  LEU_PRO_PRO_3  ,          1.43787 
  509  ,  LEU_PRO_PRO_4  ,          2.19587 
  510  ,  LEU_PRO_PRO_5  ,          2.73928 
  511  ,  LEU_PRO_TRP_1  ,          2.76806 
  512  ,  LEU_PRO_TRP_2  ,          3.17916 
  513  ,  LEU_PRO_TRP_3  ,          3.34884 
  514  ,  LEU_PRO_TRP_4  ,          3.43664 
  515  ,  LEU_PRO_TRP_5  ,          4.23623 
  516  ,  LEU_PRO_TYR_1  ,          2.40888 
  517  ,  LEU_PRO_TYR_2  ,          2.48470 
  518  ,  LEU_PRO_TYR_3  ,          2.69108 
  519  ,  LEU_PRO_TYR_4  ,          4.28026 
  520  ,  LEU_PRO_TYR_5  ,          4.87904 
  521  ,  LEU_TRP_GLH_1  ,          4.70063 
  522  ,  LEU_TRP_GLH_2  ,          5.41503 
  523  ,  LEU_TRP_GLH_3  ,          5.86857 
  524  ,  LEU_TRP_GLH_4  ,          8.80638 
  525  ,  LEU_TRP_GLH_5  ,          9.89357 
  526  ,  LEU_TRP_GLN_1  ,          1.00157 
  527  ,  LEU_TRP_GLN_2  ,          1.23653 
  528  ,  LEU_TRP_GLN_3  ,          2.61419 
  529  ,  LEU_TRP_GLN_4  ,          3.59535 
  530  ,  LEU_TRP_GLN_5  ,          5.42794 
  531  ,  LEU_TRP_HIS_1  ,          0.99264 
  532  ,  LEU_TRP_HIS_2  ,          1.18087 
  533  ,  LEU_TRP_HIS_3  ,          2.22427 
  534  ,  LEU_TRP_HIS_4  ,          3.06935 
  535  ,  LEU_TRP_HIS_5  ,          3.84116 
  536  ,  LEU_TRP_LEU_1  ,          6.11946 
  537  ,  LEU_TRP_LEU_2  ,          7.15620 
  538  ,  LEU_TRP_LEU_3  ,          8.01524 
  539  ,  LEU_TRP_LEU_4  ,          8.01672 
  540  ,  LEU_TRP_LEU_5  ,          8.23412 
  541  ,  LEU_TRP_MET_1  ,          3.87354 
  542  ,  LEU_TRP_MET_2  ,          4.39062 
  543  ,  LEU_TRP_MET_3  ,          7.34719 
  544  ,  LEU_TRP_MET_4  ,          7.76019 
  545  ,  LEU_TRP_MET_5  ,          8.87537 
  546  ,  LEU_TRP_PRO_1  ,          2.42084 
  547  ,  LEU_TRP_PRO_2  ,          3.12092 
  548  ,  LEU_TRP_PRO_3  ,          3.21009 
  549  ,  LEU_TRP_PRO_4  ,          3.54021 
  550  ,  LEU_TRP_PRO_5  ,          4.17748 
  551  ,  LEU_TRP_TRP_1  ,          2.44396 
  552  ,  LEU_TRP_TRP_2  ,          6.57629 
  553  ,  LEU_TRP_TRP_3  ,          7.23978 
  554  ,  LEU_TRP_TRP_4  ,          9.95744 
  555  ,  LEU_TRP_TRP_5  ,         11.71333 
  556  ,  LEU_TRP_TYR_1  ,          4.61177 
  557  ,  LEU_TRP_TYR_2  ,          5.72027 
  558  ,  LEU_TRP_TYR_3  ,          6.81757 
  559  ,  LEU_TRP_TYR_4  ,          7.64737 
  560  ,  LEU_TRP_TYR_5  ,          7.97466 
  561  ,  LEU_TYR_GLH_1  ,          4.36105 
  562  ,  LEU_TYR_GLH_2  ,          5.07641 
  563  ,  LEU_TYR_GLH_3  ,          5.11447 
  564  ,  LEU_TYR_GLH_4  ,          5.53005 
  565  ,  LEU_TYR_GLH_5  ,          5.96512 
  566  ,  LEU_TYR_GLN_1  ,          1.70633 
  567  ,  LEU_TYR_GLN_2  ,          3.24494 
  568  ,  LEU_TYR_GLN_3  ,          4.50712 
  569  ,  LEU_TYR_GLN_4  ,          4.84758 
  570  ,  LEU_TYR_GLN_5  ,          5.66719 
  571  ,  LEU_TYR_HIS_1  ,          2.91484 
  572  ,  LEU_TYR_HIS_2  ,          3.19577 
  573  ,  LEU_TYR_HIS_3  ,          3.19787 
  574  ,  LEU_TYR_HIS_4  ,          5.22524 
  575  ,  LEU_TYR_HIS_5  ,          5.63231 
  576  ,  LEU_TYR_LEU_1  ,          4.18475 
  577  ,  LEU_TYR_LEU_2  ,          5.05639 
  578  ,  LEU_TYR_LEU_3  ,          5.67341 
  579  ,  LEU_TYR_LEU_4  ,          5.98994 
  580  ,  LEU_TYR_LEU_5  ,          7.86326 
  581  ,  LEU_TYR_MET_1  ,          4.56600 
  582  ,  LEU_TYR_MET_2  ,          5.25740 
  583  ,  LEU_TYR_MET_3  ,          5.66322 
  584  ,  LEU_TYR_MET_4  ,          7.29496 
  585  ,  LEU_TYR_MET_5  ,          8.01443 
  586  ,  LEU_TYR_PRO_1  ,          1.20211 
  587  ,  LEU_TYR_PRO_2  ,          1.59924 
  588  ,  LEU_TYR_PRO_3  ,          1.85629 
  589  ,  LEU_TYR_PRO_4  ,          1.96950 
  590  ,  LEU_TYR_PRO_5  ,          2.40243 
  591  ,  LEU_TYR_TRP_1  ,          5.05825 
  592  ,  LEU_TYR_TRP_2  ,          5.70353 
  593  ,  LEU_TYR_TRP_3  ,          6.25021 
  594  ,  LEU_TYR_TRP_4  ,          6.26610 
  595  ,  LEU_TYR_TRP_5  ,          7.01617 
  596  ,  LEU_TYR_TYR_1  ,          2.27115 
  597  ,  LEU_TYR_TYR_2  ,          3.96368 
  598  ,  LEU_TYR_TYR_3  ,          4.20451 
  599  ,  LEU_TYR_TYR_4  ,          6.17835 
  600  ,  LEU_TYR_TYR_5  ,          6.25327 
  601  ,  MET_GLH_GLH_1  ,          6.48987 
  602  ,  MET_GLH_GLH_2  ,          7.17560 
  603  ,  MET_GLH_GLH_3  ,          7.26465 
  604  ,  MET_GLH_GLH_4  ,          8.53013 
  605  ,  MET_GLH_GLH_5  ,         10.28826 
  606  ,  MET_GLH_HIS_1  ,          2.53196 
  607  ,  MET_GLH_HIS_2  ,          4.74683 
  608  ,  MET_GLH_HIS_3  ,          5.31914 
  609  ,  MET_GLH_HIS_4  ,          6.95233 
  610  ,  MET_GLH_HIS_5  ,          7.19151 
  611  ,  MET_GLH_MET_1  ,          1.05668 
  612  ,  MET_GLH_MET_2  ,          2.02613 
  613  ,  MET_GLH_MET_3  ,          3.07985 
  614  ,  MET_GLH_MET_4  ,          4.06038 
  615  ,  MET_GLH_MET_5  ,          4.79194 
  616  ,  MET_GLN_GLH_1  ,          2.53041 
  617  ,  MET_GLN_GLH_2  ,          4.88087 
  618  ,  MET_GLN_GLH_3  ,          5.74542 
  619  ,  MET_GLN_GLH_4  ,          6.87285 
  620  ,  MET_GLN_GLH_5  ,          9.08797 
  621  ,  MET_GLN_HIS_1  ,          0.25658 
  622  ,  MET_GLN_HIS_2  ,          2.22998 
  623  ,  MET_GLN_HIS_3  ,          2.73745 
  624  ,  MET_GLN_HIS_4  ,          5.36253 
  625  ,  MET_GLN_HIS_5  ,          5.69653 
  626  ,  MET_GLN_MET_1  ,          5.75899 
  627  ,  MET_GLN_MET_2  ,          6.24359 
  628  ,  MET_GLN_MET_3  ,          7.32935 
  629  ,  MET_GLN_MET_4  ,          9.93913 
  630  ,  MET_GLN_MET_5  ,         12.13073 
  631  ,  MET_HIS_GLH_1  ,          3.42574 
  632  ,  MET_HIS_GLH_2  ,          4.70408 
  633  ,  MET_HIS_GLH_3  ,          7.18403 
  634  ,  MET_HIS_GLH_4  ,          7.98687 
  635  ,  MET_HIS_GLH_5  ,          8.13272 
  636  ,  MET_HIS_HIS_1  ,          0.44378 
  637  ,  MET_HIS_HIS_2  ,          1.55006 
  638  ,  MET_HIS_HIS_3  ,          1.76058 
  639  ,  MET_HIS_HIS_4  ,          2.43053 
  640  ,  MET_HIS_HIS_5  ,          4.30968 
  641  ,  MET_HIS_MET_1  ,          0.90763 
  642  ,  MET_HIS_MET_2  ,          3.60876 
  643  ,  MET_HIS_MET_3  ,          4.34427 
  644  ,  MET_HIS_MET_4  ,          5.80320 
  645  ,  MET_HIS_MET_5  ,          6.51468 
  646  ,  MET_LEU_GLH_1  ,          3.10081 
  647  ,  MET_LEU_GLH_2  ,          4.18945 
  648  ,  MET_LEU_GLH_3  ,          4.20560 
  649  ,  MET_LEU_GLH_4  ,          4.47757 
  650  ,  MET_LEU_GLH_5  ,          4.64513 
  651  ,  MET_LEU_HIS_1  ,          1.94170 
  652  ,  MET_LEU_HIS_2  ,          2.17218 
  653  ,  MET_LEU_HIS_3  ,          4.31582 
  654  ,  MET_LEU_HIS_4  ,          4.41367 
  655  ,  MET_LEU_HIS_5  ,          4.47460 
  656  ,  MET_LEU_MET_1  ,          3.36723 
  657  ,  MET_LEU_MET_2  ,          4.24384 
  658  ,  MET_LEU_MET_3  ,          4.67932 
  659  ,  MET_LEU_MET_4  ,          5.40879 
  660  ,  MET_LEU_MET_5  ,          6.03059 
  661  ,  MET_MET_GLH_1  ,          7.55330 
  662  ,  MET_MET_GLH_2  ,          7.63309 
  663  ,  MET_MET_GLH_3  ,          9.55599 
  664  ,  MET_MET_GLH_4  ,         10.09383 
  665  ,  MET_MET_GLH_5  ,         12.52234 
  666  ,  MET_MET_HIS_1  ,          2.14513 
  667  ,  MET_MET_HIS_2  ,          3.12974 
  668  ,  MET_MET_HIS_3  ,          3.77719 
  669  ,  MET_MET_HIS_4  ,          3.89694 
  670  ,  MET_MET_HIS_5  ,          5.74736 
  671  ,  MET_MET_MET_1  ,          0.31606 
  672  ,  MET_MET_MET_2  ,          1.57101 
  673  ,  MET_MET_MET_3  ,          2.27842 
  674  ,  MET_MET_MET_4  ,          5.02114 
  675  ,  MET_MET_MET_5  ,          5.38088 
  676  ,  MET_PRO_GLH_1  ,          0.27082 
  677  ,  MET_PRO_GLH_2  ,          0.41409 
  678  ,  MET_PRO_GLH_3  ,          1.31280 
  679  ,  MET_PRO_GLH_4  ,          2.59605 
  680  ,  MET_PRO_GLH_5  ,          2.63309 
  681  ,  MET_PRO_HIS_1  ,          4.11756 
  682  ,  MET_PRO_HIS_2  ,          5.27086 
  683  ,  MET_PRO_HIS_3  ,          6.99826 
  684  ,  MET_PRO_HIS_4  ,          7.21690 
  685  ,  MET_PRO_HIS_5  ,          7.28187 
  686  ,  MET_PRO_MET_1  ,          2.93812 
  687  ,  MET_PRO_MET_2  ,          4.34674 
  688  ,  MET_PRO_MET_3  ,          4.45851 
  689  ,  MET_PRO_MET_4  ,          5.37941 
  690  ,  MET_PRO_MET_5  ,          6.93786 
  691  ,  MET_TRP_GLH_1  ,          3.98692 
  692  ,  MET_TRP_GLH_2  ,          5.90367 
  693  ,  MET_TRP_GLH_3  ,          6.72491 
  694  ,  MET_TRP_GLH_4  ,          6.86620 
  695  ,  MET_TRP_GLH_5  ,         10.53224 
  696  ,  MET_TRP_HIS_1  ,          1.76883 
  697  ,  MET_TRP_HIS_2  ,          3.88943 
  698  ,  MET_TRP_HIS_3  ,          4.08060 
  699  ,  MET_TRP_HIS_4  ,          4.11887 
  700  ,  MET_TRP_HIS_5  ,          5.22250 
  701  ,  MET_TRP_MET_1  ,          3.64936 
  702  ,  MET_TRP_MET_2  ,          5.53346 
  703  ,  MET_TRP_MET_3  ,          6.29167 
  704  ,  MET_TRP_MET_4  ,          6.48682 
  705  ,  MET_TRP_MET_5  ,          8.99249 
  706  ,  MET_TYR_GLH_1  ,          4.35615 
  707  ,  MET_TYR_GLH_2  ,          4.44932 
  708  ,  MET_TYR_GLH_3  ,          5.60744 
  709  ,  MET_TYR_GLH_4  ,          8.09487 
  710  ,  MET_TYR_GLH_5  ,          9.41277 
  711  ,  MET_TYR_HIS_1  ,          1.28921 
  712  ,  MET_TYR_HIS_2  ,          2.56169 
  713  ,  MET_TYR_HIS_3  ,          2.72623 
  714  ,  MET_TYR_HIS_4  ,          3.43342 
  715  ,  MET_TYR_HIS_5  ,          4.22132 
  716  ,  MET_TYR_MET_1  ,          2.58880 
  717  ,  MET_TYR_MET_2  ,          4.95180 
  718  ,  MET_TYR_MET_3  ,          4.95843 
  719  ,  MET_TYR_MET_4  ,          6.32583 
  720  ,  MET_TYR_MET_5  ,          6.73010 
  721  ,  PRO_GLH_GLH_1  ,          1.54191 
  722  ,  PRO_GLH_GLH_2  ,          7.04595 
  723  ,  PRO_GLH_GLH_3  ,          8.35978 
  724  ,  PRO_GLH_GLH_4  ,          8.82781 
  725  ,  PRO_GLH_GLH_5  ,          9.20965 
  726  ,  PRO_GLH_GLN_1  ,          8.67771 
  727  ,  PRO_GLH_GLN_2  ,          8.88921 
  728  ,  PRO_GLH_GLN_3  ,         10.81318 
  729  ,  PRO_GLH_GLN_4  ,         12.90866 
  730  ,  PRO_GLH_GLN_5  ,         14.38409 
  731  ,  PRO_GLH_HIS_1  ,          4.94736 
  732  ,  PRO_GLH_HIS_2  ,          6.10247 
  733  ,  PRO_GLH_HIS_3  ,          6.31858 
  734  ,  PRO_GLH_HIS_4  ,          7.83491 
  735  ,  PRO_GLH_HIS_5  ,          8.62003 
  736  ,  PRO_GLH_MET_1  ,          2.06467 
  737  ,  PRO_GLH_MET_2  ,          4.77150 
  738  ,  PRO_GLH_MET_3  ,          6.05709 
  739  ,  PRO_GLH_MET_4  ,          6.27474 
  740  ,  PRO_GLH_MET_5  ,          6.35202 
  741  ,  PRO_GLH_PRO_1  ,          3.23164 
  742  ,  PRO_GLH_PRO_2  ,          3.66057 
  743  ,  PRO_GLH_PRO_3  ,          4.43277 
  744  ,  PRO_GLH_PRO_4  ,          5.10251 
  745  ,  PRO_GLH_PRO_5  ,          5.13056 
  746  ,  PRO_GLH_TRP_1  ,          4.20417 
  747  ,  PRO_GLH_TRP_2  ,          4.46401 
  748  ,  PRO_GLH_TRP_3  ,          8.21448 
  749  ,  PRO_GLH_TRP_4  ,          8.36583 
  750  ,  PRO_GLH_TRP_5  ,          8.53282 
  751  ,  PRO_GLH_TYR_1  ,          5.28537 
  752  ,  PRO_GLH_TYR_2  ,          7.32252 
  753  ,  PRO_GLH_TYR_3  ,          8.70436 
  754  ,  PRO_GLH_TYR_4  ,          8.77110 
  755  ,  PRO_GLH_TYR_5  ,          9.19311 
  756  ,  PRO_GLN_GLH_1  ,          1.51380 
  757  ,  PRO_GLN_GLH_2  ,          4.71105 
  758  ,  PRO_GLN_GLH_3  ,          5.06141 
  759  ,  PRO_GLN_GLH_4  ,          5.28692 
  760  ,  PRO_GLN_GLH_5  ,          7.17060 
  761  ,  PRO_GLN_GLN_1  ,          0.75588 
  762  ,  PRO_GLN_GLN_2  ,          2.01440 
  763  ,  PRO_GLN_GLN_3  ,          2.36913 
  764  ,  PRO_GLN_GLN_4  ,          6.08858 
  765  ,  PRO_GLN_GLN_5  ,          6.38063 
  766  ,  PRO_GLN_HIS_1  ,          2.20466 
  767  ,  PRO_GLN_HIS_2  ,          5.64828 
  768  ,  PRO_GLN_HIS_3  ,          7.45316 
  769  ,  PRO_GLN_HIS_4  ,          8.50650 
  770  ,  PRO_GLN_HIS_5  ,         10.05633 
  771  ,  PRO_GLN_MET_1  ,          5.05778 
  772  ,  PRO_GLN_MET_2  ,          5.33373 
  773  ,  PRO_GLN_MET_3  ,          5.42856 
  774  ,  PRO_GLN_MET_4  ,          8.78299 
  775  ,  PRO_GLN_MET_5  ,          9.17306 
  776  ,  PRO_GLN_PRO_1  ,          1.37234 
  777  ,  PRO_GLN_PRO_2  ,          1.92695 
  778  ,  PRO_GLN_PRO_3  ,          2.02368 
  779  ,  PRO_GLN_PRO_4  ,          2.26300 
  780  ,  PRO_GLN_PRO_5  ,          3.98422 
  781  ,  PRO_GLN_TRP_1  ,          6.17742 
  782  ,  PRO_GLN_TRP_2  ,          7.49348 
  783  ,  PRO_GLN_TRP_3  ,          8.14738 
  784  ,  PRO_GLN_TRP_4  ,          9.10728 
  785  ,  PRO_GLN_TRP_5  ,         11.29478 
  786  ,  PRO_GLN_TYR_1  ,          7.89161 
  787  ,  PRO_GLN_TYR_2  ,          8.32555 
  788  ,  PRO_GLN_TYR_3  ,          8.50821 
  789  ,  PRO_GLN_TYR_4  ,          8.59727 
  790  ,  PRO_GLN_TYR_5  ,          9.61834 
  791  ,  PRO_HIS_GLH_1  ,          3.02343 
  792  ,  PRO_HIS_GLH_2  ,          3.24946 
  793  ,  PRO_HIS_GLH_3  ,          5.59661 
  794  ,  PRO_HIS_GLH_4  ,          6.38098 
  795  ,  PRO_HIS_GLH_5  ,          7.45779 
  796  ,  PRO_HIS_GLN_1  ,          3.69780 
  797  ,  PRO_HIS_GLN_2  ,          6.76095 
  798  ,  PRO_HIS_GLN_3  ,          8.10764 
  799  ,  PRO_HIS_GLN_4  ,          8.11121 
  800  ,  PRO_HIS_GLN_5  ,          8.19196 
  801  ,  PRO_HIS_HIS_1  ,          1.39882 
  802  ,  PRO_HIS_HIS_2  ,          3.73525 
  803  ,  PRO_HIS_HIS_3  ,          4.95319 
  804  ,  PRO_HIS_HIS_4  ,          5.18052 
  805  ,  PRO_HIS_HIS_5  ,          7.02983 
  806  ,  PRO_HIS_MET_1  ,          3.37261 
  807  ,  PRO_HIS_MET_2  ,          4.71970 
  808  ,  PRO_HIS_MET_3  ,          7.13179 
  809  ,  PRO_HIS_MET_4  ,          8.07135 
  810  ,  PRO_HIS_MET_5  ,          8.24537 
  811  ,  PRO_HIS_PRO_1  ,          1.78979 
  812  ,  PRO_HIS_PRO_2  ,          2.00311 
  813  ,  PRO_HIS_PRO_3  ,          2.23709 
  814  ,  PRO_HIS_PRO_4  ,          2.52214 
  815  ,  PRO_HIS_PRO_5  ,          3.34271 
  816  ,  PRO_HIS_TRP_1  ,          3.89314 
  817  ,  PRO_HIS_TRP_2  ,          6.51788 
  818  ,  PRO_HIS_TRP_3  ,          6.78446 
  819  ,  PRO_HIS_TRP_4  ,          7.49684 
  820  ,  PRO_HIS_TRP_5  ,          9.77205 
  821  ,  PRO_HIS_TYR_1  ,          5.11374 
  822  ,  PRO_HIS_TYR_2  ,          6.89377 
  823  ,  PRO_HIS_TYR_3  ,          7.82886 
  824  ,  PRO_HIS_TYR_4  ,          8.81964 
  825  ,  PRO_HIS_TYR_5  ,         10.40215 
  826  ,  PRO_LEU_GLH_1  ,          0.34087 
  827  ,  PRO_LEU_GLH_2  ,          0.35804 
  828  ,  PRO_LEU_GLH_3  ,          0.87563 
  829  ,  PRO_LEU_GLH_4  ,          0.99425 
  830  ,  PRO_LEU_GLH_5  ,          1.97580 
  831  ,  PRO_LEU_GLN_1  ,          2.73352 
  832  ,  PRO_LEU_GLN_2  ,          3.40723 
  833  ,  PRO_LEU_GLN_3  ,          3.56865 
  834  ,  PRO_LEU_GLN_4  ,          4.04292 
  835  ,  PRO_LEU_GLN_5  ,          5.60319 
  836  ,  PRO_LEU_HIS_1  ,          3.86974 
  837  ,  PRO_LEU_HIS_2  ,          4.62544 
  838  ,  PRO_LEU_HIS_3  ,          5.25451 
  839  ,  PRO_LEU_HIS_4  ,          6.16776 
  840  ,  PRO_LEU_HIS_5  ,          6.39458 
  841  ,  PRO_LEU_MET_1  ,          3.79809 
  842  ,  PRO_LEU_MET_2  ,          3.99366 
  843  ,  PRO_LEU_MET_3  ,          4.23995 
  844  ,  PRO_LEU_MET_4  ,          4.39398 
  845  ,  PRO_LEU_MET_5  ,          5.66440 
  846  ,  PRO_LEU_PRO_1  ,          0.13153 
  847  ,  PRO_LEU_PRO_2  ,          0.79662 
  848  ,  PRO_LEU_PRO_3  ,          1.56957 
  849  ,  PRO_LEU_PRO_4  ,          4.29875 
  850  ,  PRO_LEU_PRO_5  ,          4.37980 
  851  ,  PRO_LEU_TRP_1  ,          5.24755 
  852  ,  PRO_LEU_TRP_2  ,          5.78793 
  853  ,  PRO_LEU_TRP_3  ,          6.30451 
  854  ,  PRO_LEU_TRP_4  ,          6.67566 
  855  ,  PRO_LEU_TRP_5  ,          7.47316 
  856  ,  PRO_LEU_TYR_1  ,          0.56182 
  857  ,  PRO_LEU_TYR_2  ,          1.35027 
  858  ,  PRO_LEU_TYR_3  ,          1.50950 
  859  ,  PRO_LEU_TYR_4  ,          1.58972 
  860  ,  PRO_LEU_TYR_5  ,          3.71508 
  861  ,  PRO_MET_GLH_1  ,          1.21439 
  862  ,  PRO_MET_GLH_2  ,          2.77953 
  863  ,  PRO_MET_GLH_3  ,          3.19769 
  864  ,  PRO_MET_GLH_4  ,          3.60963 
  865  ,  PRO_MET_GLH_5  ,          5.28601 
  866  ,  PRO_MET_GLN_1  ,          3.94335 
  867  ,  PRO_MET_GLN_2  ,          4.16130 
  868  ,  PRO_MET_GLN_3  ,          5.25036 
  869  ,  PRO_MET_GLN_4  ,          5.87973 
  870  ,  PRO_MET_GLN_5  ,          6.92378 
  871  ,  PRO_MET_HIS_1  ,          0.87188 
  872  ,  PRO_MET_HIS_2  ,          1.09842 
  873  ,  PRO_MET_HIS_3  ,          1.32401 
  874  ,  PRO_MET_HIS_4  ,          2.13838 
  875  ,  PRO_MET_HIS_5  ,          3.37017 
  876  ,  PRO_MET_MET_1  ,          1.00165 
  877  ,  PRO_MET_MET_2  ,          2.18553 
  878  ,  PRO_MET_MET_3  ,          2.88499 
  879  ,  PRO_MET_MET_4  ,          3.36341 
  880  ,  PRO_MET_MET_5  ,          4.36127 
  881  ,  PRO_MET_PRO_1  ,          0.14266 
  882  ,  PRO_MET_PRO_2  ,          1.13560 
  883  ,  PRO_MET_PRO_3  ,          1.53810 
  884  ,  PRO_MET_PRO_4  ,          1.71279 
  885  ,  PRO_MET_PRO_5  ,          2.43421 
  886  ,  PRO_MET_TRP_1  ,          5.70850 
  887  ,  PRO_MET_TRP_2  ,          6.11581 
  888  ,  PRO_MET_TRP_3  ,          8.14770 
  889  ,  PRO_MET_TRP_4  ,          9.14277 
  890  ,  PRO_MET_TRP_5  ,         10.29642 
  891  ,  PRO_MET_TYR_1  ,          2.14445 
  892  ,  PRO_MET_TYR_2  ,          2.70516 
  893  ,  PRO_MET_TYR_3  ,          6.08224 
  894  ,  PRO_MET_TYR_4  ,          6.71739 
  895  ,  PRO_MET_TYR_5  ,          8.16339 
  896  ,  PRO_PRO_GLH_1  ,          0.84002 
  897  ,  PRO_PRO_GLH_2  ,          1.53215 
  898  ,  PRO_PRO_GLH_3  ,          1.87937 
  899  ,  PRO_PRO_GLH_4  ,          2.70723 
  900  ,  PRO_PRO_GLH_5  ,          3.63780 
  901  ,  PRO_PRO_GLN_1  ,          0.32285 
  902  ,  PRO_PRO_GLN_2  ,          0.81630 
  903  ,  PRO_PRO_GLN_3  ,          1.29982 
  904  ,  PRO_PRO_GLN_4  ,          2.75628 
  905  ,  PRO_PRO_GLN_5  ,          2.76556 
  906  ,  PRO_PRO_HIS_1  ,          1.93649 
  907  ,  PRO_PRO_HIS_2  ,          3.47060 
  908  ,  PRO_PRO_HIS_3  ,          4.06356 
  909  ,  PRO_PRO_HIS_4  ,          4.23319 
  910  ,  PRO_PRO_HIS_5  ,          4.51883 
  911  ,  PRO_PRO_MET_1  ,          0.69696 
  912  ,  PRO_PRO_MET_2  ,          2.26018 
  913  ,  PRO_PRO_MET_3  ,          2.26228 
  914  ,  PRO_PRO_MET_4  ,          2.59156 
  915  ,  PRO_PRO_MET_5  ,          3.31166 
  916  ,  PRO_PRO_PRO_1  ,          0.01045 
  917  ,  PRO_PRO_PRO_2  ,          0.03586 
  918  ,  PRO_PRO_PRO_3  ,          0.07216 
  919  ,  PRO_PRO_PRO_4  ,          0.45922 
  920  ,  PRO_PRO_PRO_5  ,          0.52039 
  921  ,  PRO_PRO_TRP_1  ,          1.89294 
  922  ,  PRO_PRO_TRP_2  ,          2.63850 
  923  ,  PRO_PRO_TRP_3  ,          2.82762 
  924  ,  PRO_PRO_TRP_4  ,          3.73781 
  925  ,  PRO_PRO_TRP_5  ,          4.10210 
  926  ,  PRO_PRO_TYR_1  ,          0.96798 
  927  ,  PRO_PRO_TYR_2  ,          1.14797 
  928  ,  PRO_PRO_TYR_3  ,          4.07668 
  929  ,  PRO_PRO_TYR_4  ,          4.44473 
  930  ,  PRO_PRO_TYR_5  ,          5.41581 
  931  ,  PRO_TRP_GLH_1  ,          1.90001 
  932  ,  PRO_TRP_GLH_2  ,          2.65503 
  933  ,  PRO_TRP_GLH_3  ,          4.48322 
  934  ,  PRO_TRP_GLH_4  ,          4.78455 
  935  ,  PRO_TRP_GLH_5  ,          5.07622 
  936  ,  PRO_TRP_GLN_1  ,          3.98322 
  937  ,  PRO_TRP_GLN_2  ,          6.16932 
  938  ,  PRO_TRP_GLN_3  ,          8.69757 
  939  ,  PRO_TRP_GLN_4  ,          9.32398 
  940  ,  PRO_TRP_GLN_5  ,         10.13541 
  941  ,  PRO_TRP_HIS_1  ,          4.70921 
  942  ,  PRO_TRP_HIS_2  ,          5.03228 
  943  ,  PRO_TRP_HIS_3  ,          6.50319 
  944  ,  PRO_TRP_HIS_4  ,          6.65945 
  945  ,  PRO_TRP_HIS_5  ,          7.25896 
  946  ,  PRO_TRP_MET_1  ,          6.52198 
  947  ,  PRO_TRP_MET_2  ,          7.07443 
  948  ,  PRO_TRP_MET_3  ,          7.96898 
  949  ,  PRO_TRP_MET_4  ,          8.15427 
  950  ,  PRO_TRP_MET_5  ,          8.33848 
  951  ,  PRO_TRP_PRO_1  ,          0.33411 
  952  ,  PRO_TRP_PRO_2  ,          1.92942 
  953  ,  PRO_TRP_PRO_3  ,          2.23866 
  954  ,  PRO_TRP_PRO_4  ,          2.86528 
  955  ,  PRO_TRP_PRO_5  ,          3.67218 
  956  ,  PRO_TRP_TRP_1  ,          4.80761 
  957  ,  PRO_TRP_TRP_2  ,          7.45554 
  958  ,  PRO_TRP_TRP_3  ,          8.17874 
  959  ,  PRO_TRP_TRP_4  ,          9.14298 
  960  ,  PRO_TRP_TRP_5  ,         10.95376 
  961  ,  PRO_TRP_TYR_1  ,          5.16591 
  962  ,  PRO_TRP_TYR_2  ,          6.16655 
  963  ,  PRO_TRP_TYR_3  ,          7.83174 
  964  ,  PRO_TRP_TYR_4  ,          8.74132 
  965  ,  PRO_TRP_TYR_5  ,          9.37574 
  966  ,  PRO_TYR_GLH_1  ,          0.10253 
  967  ,  PRO_TYR_GLH_2  ,          0.31454 
  968  ,  PRO_TYR_GLH_3  ,          0.88375 
  969  ,  PRO_TYR_GLH_4  ,          1.30697 
  970  ,  PRO_TYR_GLH_5  ,          2.14955 
  971  ,  PRO_TYR_GLN_1  ,          4.46069 
  972  ,  PRO_TYR_GLN_2  ,          7.05664 
  973  ,  PRO_TYR_GLN_3  ,          7.17487 
  974  ,  PRO_TYR_GLN_4  ,          7.74198 
  975  ,  PRO_TYR_GLN_5  ,          9.80544 
  976  ,  PRO_TYR_HIS_1  ,          2.46479 
  977  ,  PRO_TYR_HIS_2  ,          2.67093 
  978  ,  PRO_TYR_HIS_3  ,          3.00770 
  979  ,  PRO_TYR_HIS_4  ,          3.68036 
  980  ,  PRO_TYR_HIS_5  ,          4.89566 
  981  ,  PRO_TYR_MET_1  ,          2.40739 
  982  ,  PRO_TYR_MET_2  ,          4.25072 
  983  ,  PRO_TYR_MET_3  ,          4.55557 
  984  ,  PRO_TYR_MET_4  ,          4.67856 
  985  ,  PRO_TYR_MET_5  ,          5.08928 
  986  ,  PRO_TYR_PRO_1  ,          0.62183 
  987  ,  PRO_TYR_PRO_2  ,          0.80859 
  988  ,  PRO_TYR_PRO_3  ,          2.37046 
  989  ,  PRO_TYR_PRO_4  ,          2.44386 
  990  ,  PRO_TYR_PRO_5  ,          3.48941 
  991  ,  PRO_TYR_TRP_1  ,          7.25179 
  992  ,  PRO_TYR_TRP_2  ,          8.27662 
  993  ,  PRO_TYR_TRP_3  ,          8.88787 
  994  ,  PRO_TYR_TRP_4  ,         10.03318 
  995  ,  PRO_TYR_TRP_5  ,         10.63172 
  996  ,  PRO_TYR_TYR_1  ,          5.45857 
  997  ,  PRO_TYR_TYR_2  ,          5.78991 
  998  ,  PRO_TYR_TYR_3  ,          7.09105 
  999  ,  PRO_TYR_TYR_4  ,          8.52568 
 1000  ,  PRO_TYR_TYR_5  ,          8.84844 
 1001  ,  TRP_GLH_GLH_1  ,          6.51725 
 1002  ,  TRP_GLH_GLH_2  ,          6.95589 
 1003  ,  TRP_GLH_GLH_3  ,          8.47296 
 1004  ,  TRP_GLH_GLH_4  ,          9.14322 
 1005  ,  TRP_GLH_GLH_5  ,         11.46350 
 1006  ,  TRP_GLH_GLN_1  ,          5.85067 
 1007  ,  TRP_GLH_GLN_2  ,          6.17759 
 1008  ,  TRP_GLH_GLN_3  ,          7.53558 
 1009  ,  TRP_GLH_GLN_4  ,          8.27478 
 1010  ,  TRP_GLH_GLN_5  ,          8.90469 
 1011  ,  TRP_GLH_HIS_1  ,          0.47967 
 1012  ,  TRP_GLH_HIS_2  ,          3.72061 
 1013  ,  TRP_GLH_HIS_3  ,          5.86340 
 1014  ,  TRP_GLH_HIS_4  ,          8.20850 
 1015  ,  TRP_GLH_HIS_5  ,          8.47597 
 1016  ,  TRP_GLH_MET_1  ,          2.32061 
 1017  ,  TRP_GLH_MET_2  ,          4.06071 
 1018  ,  TRP_GLH_MET_3  ,          5.10834 
 1019  ,  TRP_GLH_MET_4  ,          5.14285 
 1020  ,  TRP_GLH_MET_5  ,          5.15984 
 1021  ,  TRP_GLH_TRP_1  ,          3.78690 
 1022  ,  TRP_GLH_TRP_2  ,          5.25986 
 1023  ,  TRP_GLH_TRP_3  ,          7.19686 
 1024  ,  TRP_GLH_TRP_4  ,          8.00237 
 1025  ,  TRP_GLH_TRP_5  ,          8.54195 
 1026  ,  TRP_GLH_TYR_1  ,          4.99974 
 1027  ,  TRP_GLH_TYR_2  ,          6.75647 
 1028  ,  TRP_GLH_TYR_3  ,          9.98209 
 1029  ,  TRP_GLH_TYR_4  ,         10.55376 
 1030  ,  TRP_GLH_TYR_5  ,         12.30216 
 1031  ,  TRP_GLN_GLH_1  ,          4.20851 
 1032  ,  TRP_GLN_GLH_2  ,          4.95332 
 1033  ,  TRP_GLN_GLH_3  ,          6.74841 
 1034  ,  TRP_GLN_GLH_4  ,          9.85312 
 1035  ,  TRP_GLN_GLH_5  ,         10.53480 
 1036  ,  TRP_GLN_GLN_1  ,          2.72441 
 1037  ,  TRP_GLN_GLN_2  ,          5.79027 
 1038  ,  TRP_GLN_GLN_3  ,          5.82136 
 1039  ,  TRP_GLN_GLN_4  ,          6.61703 
 1040  ,  TRP_GLN_GLN_5  ,          7.13922 
 1041  ,  TRP_GLN_HIS_1  ,          2.70257 
 1042  ,  TRP_GLN_HIS_2  ,          3.29805 
 1043  ,  TRP_GLN_HIS_3  ,          5.24791 
 1044  ,  TRP_GLN_HIS_4  ,          5.83888 
 1045  ,  TRP_GLN_HIS_5  ,          7.11278 
 1046  ,  TRP_GLN_MET_1  ,          4.04202 
 1047  ,  TRP_GLN_MET_2  ,          4.71464 
 1048  ,  TRP_GLN_MET_3  ,          6.71905 
 1049  ,  TRP_GLN_MET_4  ,          9.98515 
 1050  ,  TRP_GLN_MET_5  ,         10.74756 
 1051  ,  TRP_GLN_TRP_1  ,          3.72680 
 1052  ,  TRP_GLN_TRP_2  ,          4.29582 
 1053  ,  TRP_GLN_TRP_3  ,          4.69320 
 1054  ,  TRP_GLN_TRP_4  ,          5.78049 
 1055  ,  TRP_GLN_TRP_5  ,          6.32700 
 1056  ,  TRP_GLN_TYR_1  ,          5.35021 
 1057  ,  TRP_GLN_TYR_2  ,          5.75191 
 1058  ,  TRP_GLN_TYR_3  ,          8.84284 
 1059  ,  TRP_GLN_TYR_4  ,          9.23559 
 1060  ,  TRP_GLN_TYR_5  ,          9.54163 
 1061  ,  TRP_HIS_GLH_1  ,          4.84022 
 1062  ,  TRP_HIS_GLH_2  ,          6.54723 
 1063  ,  TRP_HIS_GLH_3  ,          6.75043 
 1064  ,  TRP_HIS_GLH_4  ,          8.69539 
 1065  ,  TRP_HIS_GLH_5  ,          9.96384 
 1066  ,  TRP_HIS_GLN_1  ,          6.71763 
 1067  ,  TRP_HIS_GLN_2  ,          8.16642 
 1068  ,  TRP_HIS_GLN_3  ,          8.47874 
 1069  ,  TRP_HIS_GLN_4  ,          8.49497 
 1070  ,  TRP_HIS_GLN_5  ,          8.62334 
 1071  ,  TRP_HIS_HIS_1  ,          4.34816 
 1072  ,  TRP_HIS_HIS_2  ,          4.83279 
 1073  ,  TRP_HIS_HIS_3  ,          6.29209 
 1074  ,  TRP_HIS_HIS_4  ,          7.10377 
 1075  ,  TRP_HIS_HIS_5  ,          7.45493 
 1076  ,  TRP_HIS_MET_1  ,          3.93407 
 1077  ,  TRP_HIS_MET_2  ,          5.13587 
 1078  ,  TRP_HIS_MET_3  ,          5.55915 
 1079  ,  TRP_HIS_MET_4  ,          6.10709 
 1080  ,  TRP_HIS_MET_5  ,          6.16978 
 1081  ,  TRP_HIS_TRP_1  ,          1.91281 
 1082  ,  TRP_HIS_TRP_2  ,          2.51341 
 1083  ,  TRP_HIS_TRP_3  ,          2.67642 
 1084  ,  TRP_HIS_TRP_4  ,          4.02666 
 1085  ,  TRP_HIS_TRP_5  ,          6.92125 
 1086  ,  TRP_HIS_TYR_1  ,          6.22335 
 1087  ,  TRP_HIS_TYR_2  ,          6.62600 
 1088  ,  TRP_HIS_TYR_3  ,          7.70211 
 1089  ,  TRP_HIS_TYR_4  ,          7.84619 
 1090  ,  TRP_HIS_TYR_5  ,          8.32587 
 1091  ,  TRP_LEU_GLH_1  ,          6.89222 
 1092  ,  TRP_LEU_GLH_2  ,          7.45567 
 1093  ,  TRP_LEU_GLH_3  ,          8.94516 
 1094  ,  TRP_LEU_GLH_4  ,          9.67010 
 1095  ,  TRP_LEU_GLH_5  ,          9.77474 
 1096  ,  TRP_LEU_GLN_1  ,          1.61692 
 1097  ,  TRP_LEU_GLN_2  ,          2.60257 
 1098  ,  TRP_LEU_GLN_3  ,          3.89887 
 1099  ,  TRP_LEU_GLN_4  ,          3.94561 
 1100  ,  TRP_LEU_GLN_5  ,          4.39199 
 1101  ,  TRP_LEU_HIS_1  ,          5.31536 
 1102  ,  TRP_LEU_HIS_2  ,          6.58240 
 1103  ,  TRP_LEU_HIS_3  ,          6.91936 
 1104  ,  TRP_LEU_HIS_4  ,          7.26840 
 1105  ,  TRP_LEU_HIS_5  ,          8.33037 
 1106  ,  TRP_LEU_MET_1  ,          4.62995 
 1107  ,  TRP_LEU_MET_2  ,          6.04360 
 1108  ,  TRP_LEU_MET_3  ,          8.43694 
 1109  ,  TRP_LEU_MET_4  ,          9.05951 
 1110  ,  TRP_LEU_MET_5  ,          9.19662 
 1111  ,  TRP_LEU_TRP_1  ,          2.95825 
 1112  ,  TRP_LEU_TRP_2  ,          6.42801 
 1113  ,  TRP_LEU_TRP_3  ,          7.56109 
 1114  ,  TRP_LEU_TRP_4  ,          8.11234 
 1115  ,  TRP_LEU_TRP_5  ,          9.61629 
 1116  ,  TRP_LEU_TYR_1  ,          3.86149 
 1117  ,  TRP_LEU_TYR_2  ,          6.44762 
 1118  ,  TRP_LEU_TYR_3  ,          6.67834 
 1119  ,  TRP_LEU_TYR_4  ,          7.54600 
 1120  ,  TRP_LEU_TYR_5  ,          8.48996 
 1121  ,  TRP_MET_GLH_1  ,          5.79411 
 1122  ,  TRP_MET_GLH_2  ,          9.29488 
 1123  ,  TRP_MET_GLH_3  ,         10.13424 
 1124  ,  TRP_MET_GLH_4  ,         10.88015 
 1125  ,  TRP_MET_GLH_5  ,         12.20682 
 1126  ,  TRP_MET_GLN_1  ,          2.92750 
 1127  ,  TRP_MET_GLN_2  ,          3.31549 
 1128  ,  TRP_MET_GLN_3  ,          3.32618 
 1129  ,  TRP_MET_GLN_4  ,          5.26729 
 1130  ,  TRP_MET_GLN_5  ,          5.96108 
 1131  ,  TRP_MET_HIS_1  ,          5.29066 
 1132  ,  TRP_MET_HIS_2  ,          6.48495 
 1133  ,  TRP_MET_HIS_3  ,          6.62549 
 1134  ,  TRP_MET_HIS_4  ,          6.75607 
 1135  ,  TRP_MET_HIS_5  ,          7.76898 
 1136  ,  TRP_MET_MET_1  ,          1.36957 
 1137  ,  TRP_MET_MET_2  ,          4.46221 
 1138  ,  TRP_MET_MET_3  ,          5.31403 
 1139  ,  TRP_MET_MET_4  ,          5.86523 
 1140  ,  TRP_MET_MET_5  ,          6.26815 
 1141  ,  TRP_MET_TRP_1  ,          1.09000 
 1142  ,  TRP_MET_TRP_2  ,          2.04560 
 1143  ,  TRP_MET_TRP_3  ,          3.07272 
 1144  ,  TRP_MET_TRP_4  ,          5.75121 
 1145  ,  TRP_MET_TRP_5  ,          6.81544 
 1146  ,  TRP_MET_TYR_1  ,          3.71558 
 1147  ,  TRP_MET_TYR_2  ,          6.40580 
 1148  ,  TRP_MET_TYR_3  ,          6.67674 
 1149  ,  TRP_MET_TYR_4  ,          7.09963 
 1150  ,  TRP_MET_TYR_5  ,          7.14499 
 1151  ,  TRP_PRO_GLH_1  ,          6.27879 
 1152  ,  TRP_PRO_GLH_2  ,          7.35713 
 1153  ,  TRP_PRO_GLH_3  ,          8.23656 
 1154  ,  TRP_PRO_GLH_4  ,          8.36731 
 1155  ,  TRP_PRO_GLH_5  ,          8.56757 
 1156  ,  TRP_PRO_GLN_1  ,          3.28501 
 1157  ,  TRP_PRO_GLN_2  ,          4.13024 
 1158  ,  TRP_PRO_GLN_3  ,          5.18140 
 1159  ,  TRP_PRO_GLN_4  ,          6.61952 
 1160  ,  TRP_PRO_GLN_5  ,          7.53534 
 1161  ,  TRP_PRO_HIS_1  ,          2.23055 
 1162  ,  TRP_PRO_HIS_2  ,          5.73726 
 1163  ,  TRP_PRO_HIS_3  ,          6.54174 
 1164  ,  TRP_PRO_HIS_4  ,          6.89483 
 1165  ,  TRP_PRO_HIS_5  ,          7.16673 
 1166  ,  TRP_PRO_MET_1  ,          2.52845 
 1167  ,  TRP_PRO_MET_2  ,          2.88232 
 1168  ,  TRP_PRO_MET_3  ,          3.94328 
 1169  ,  TRP_PRO_MET_4  ,          4.90912 
 1170  ,  TRP_PRO_MET_5  ,          4.99073 
 1171  ,  TRP_PRO_TRP_1  ,          3.98688 
 1172  ,  TRP_PRO_TRP_2  ,          5.18487 
 1173  ,  TRP_PRO_TRP_3  ,          7.66790 
 1174  ,  TRP_PRO_TRP_4  ,          8.38363 
 1175  ,  TRP_PRO_TRP_5  ,          9.09510 
 1176  ,  TRP_PRO_TYR_1  ,          1.21247 
 1177  ,  TRP_PRO_TYR_2  ,          5.87119 
 1178  ,  TRP_PRO_TYR_3  ,          8.17313 
 1179  ,  TRP_PRO_TYR_4  ,          8.44017 
 1180  ,  TRP_PRO_TYR_5  ,          9.44518 
 1181  ,  TRP_TRP_GLH_1  ,          2.10616 
 1182  ,  TRP_TRP_GLH_2  ,          5.01953 
 1183  ,  TRP_TRP_GLH_3  ,          6.20968 
 1184  ,  TRP_TRP_GLH_4  ,          7.07173 
 1185  ,  TRP_TRP_GLH_5  ,          8.73030 
 1186  ,  TRP_TRP_GLN_1  ,          6.95823 
 1187  ,  TRP_TRP_GLN_2  ,          7.08587 
 1188  ,  TRP_TRP_GLN_3  ,          7.63101 
 1189  ,  TRP_TRP_GLN_4  ,          7.96745 
 1190  ,  TRP_TRP_GLN_5  ,          8.29598 
 1191  ,  TRP_TRP_HIS_1  ,          5.02000 
 1192  ,  TRP_TRP_HIS_2  ,          7.62123 
 1193  ,  TRP_TRP_HIS_3  ,          8.33700 
 1194  ,  TRP_TRP_HIS_4  ,          9.82366 
 1195  ,  TRP_TRP_HIS_5  ,         10.01339 
 1196  ,  TRP_TRP_MET_1  ,          3.90429 
 1197  ,  TRP_TRP_MET_2  ,          4.80652 
 1198  ,  TRP_TRP_MET_3  ,          6.36165 
 1199  ,  TRP_TRP_MET_4  ,          7.47373 
 1200  ,  TRP_TRP_MET_5  ,          8.69613 
 1201  ,  TRP_TRP_TRP_1  ,          5.67539 
 1202  ,  TRP_TRP_TRP_2  ,          9.20613 
 1203  ,  TRP_TRP_TRP_3  ,          9.30649 
 1204  ,  TRP_TRP_TRP_4  ,         10.05043 
 1205  ,  TRP_TRP_TRP_5  ,         12.90786 
 1206  ,  TRP_TRP_TYR_1  ,          2.89536 
 1207  ,  TRP_TRP_TYR_2  ,          8.93707 
 1208  ,  TRP_TRP_TYR_3  ,          9.03019 
 1209  ,  TRP_TRP_TYR_4  ,         10.68707 
 1210  ,  TRP_TRP_TYR_5  ,         12.01859 
 1211  ,  TRP_TYR_GLH_1  ,          5.91357 
 1212  ,  TRP_TYR_GLH_2  ,          6.53640 
 1213  ,  TRP_TYR_GLH_3  ,          7.63839 
 1214  ,  TRP_TYR_GLH_4  ,          8.11345 
 1215  ,  TRP_TYR_GLH_5  ,         10.59175 
 1216  ,  TRP_TYR_GLN_1  ,          3.06630 
 1217  ,  TRP_TYR_GLN_2  ,          3.96366 
 1218  ,  TRP_TYR_GLN_3  ,          4.86812 
 1219  ,  TRP_TYR_GLN_4  ,          6.19964 
 1220  ,  TRP_TYR_GLN_5  ,          7.09028 
 1221  ,  TRP_TYR_HIS_1  ,          5.20353 
 1222  ,  TRP_TYR_HIS_2  ,          6.34348 
 1223  ,  TRP_TYR_HIS_3  ,          8.60747 
 1224  ,  TRP_TYR_HIS_4  ,          8.87573 
 1225  ,  TRP_TYR_HIS_5  ,         10.96742 
 1226  ,  TRP_TYR_MET_1  ,          6.43974 
 1227  ,  TRP_TYR_MET_2  ,          8.08413 
 1228  ,  TRP_TYR_MET_3  ,          8.28752 
 1229  ,  TRP_TYR_MET_4  ,          8.62131 
 1230  ,  TRP_TYR_MET_5  ,          9.78004 
 1231  ,  TRP_TYR_TRP_1  ,          4.60224 
 1232  ,  TRP_TYR_TRP_2  ,          6.07399 
 1233  ,  TRP_TYR_TRP_3  ,          8.02047 
 1234  ,  TRP_TYR_TRP_4  ,          8.55061 
 1235  ,  TRP_TYR_TRP_5  ,          8.72374 
 1236  ,  TRP_TYR_TYR_1  ,          6.87651 
 1237  ,  TRP_TYR_TYR_2  ,          7.71342 
 1238  ,  TRP_TYR_TYR_3  ,          8.00467 
 1239  ,  TRP_TYR_TYR_4  ,          8.84654 
 1240  ,  TRP_TYR_TYR_5  ,          9.18407 
 1241  ,  TYR_GLH_GLH_1  ,         11.75288 
 1242  ,  TYR_GLH_GLH_2  ,         14.01248 
 1243  ,  TYR_GLH_GLH_3  ,         14.70012 
 1244  ,  TYR_GLH_GLH_4  ,         15.18538 
 1245  ,  TYR_GLH_GLH_5  ,         16.43335 
 1246  ,  TYR_GLH_GLN_1  ,          5.73695 
 1247  ,  TYR_GLH_GLN_2  ,          6.25476 
 1248  ,  TYR_GLH_GLN_3  ,          7.11968 
 1249  ,  TYR_GLH_GLN_4  ,         10.09991 
 1250  ,  TYR_GLH_GLN_5  ,         10.69351 
 1251  ,  TYR_GLH_HIS_1  ,          7.75982 
 1252  ,  TYR_GLH_HIS_2  ,          7.96631 
 1253  ,  TYR_GLH_HIS_3  ,          9.80607 
 1254  ,  TYR_GLH_HIS_4  ,         10.11409 
 1255  ,  TYR_GLH_HIS_5  ,         12.67753 
 1256  ,  TYR_GLH_MET_1  ,          9.85541 
 1257  ,  TYR_GLH_MET_2  ,         10.01274 
 1258  ,  TYR_GLH_MET_3  ,         10.97490 
 1259  ,  TYR_GLH_MET_4  ,         11.36166 
 1260  ,  TYR_GLH_MET_5  ,         12.32200 
 1261  ,  TYR_GLH_TYR_1  ,          8.98327 
 1262  ,  TYR_GLH_TYR_2  ,          9.99945 
 1263  ,  TYR_GLH_TYR_3  ,         11.00208 
 1264  ,  TYR_GLH_TYR_4  ,         12.96480 
 1265  ,  TYR_GLH_TYR_5  ,         13.12393 
 1266  ,  TYR_GLN_GLH_1  ,          4.32644 
 1267  ,  TYR_GLN_GLH_2  ,          5.74442 
 1268  ,  TYR_GLN_GLH_3  ,          5.74922 
 1269  ,  TYR_GLN_GLH_4  ,          5.95104 
 1270  ,  TYR_GLN_GLH_5  ,          7.43418 
 1271  ,  TYR_GLN_GLN_1  ,          3.49954 
 1272  ,  TYR_GLN_GLN_2  ,          3.88253 
 1273  ,  TYR_GLN_GLN_3  ,          4.31546 
 1274  ,  TYR_GLN_GLN_4  ,          5.00702 
 1275  ,  TYR_GLN_GLN_5  ,          5.88799 
 1276  ,  TYR_GLN_HIS_1  ,          0.81863 
 1277  ,  TYR_GLN_HIS_2  ,          1.58578 
 1278  ,  TYR_GLN_HIS_3  ,          5.27635 
 1279  ,  TYR_GLN_HIS_4  ,          6.81503 
 1280  ,  TYR_GLN_HIS_5  ,          7.69521 
 1281  ,  TYR_GLN_MET_1  ,          2.97510 
 1282  ,  TYR_GLN_MET_2  ,          3.79616 
 1283  ,  TYR_GLN_MET_3  ,          5.72647 
 1284  ,  TYR_GLN_MET_4  ,          6.14475 
 1285  ,  TYR_GLN_MET_5  ,          6.71142 
 1286  ,  TYR_GLN_TYR_1  ,          1.58320 
 1287  ,  TYR_GLN_TYR_2  ,          4.56885 
 1288  ,  TYR_GLN_TYR_3  ,          5.55995 
 1289  ,  TYR_GLN_TYR_4  ,          6.17684 
 1290  ,  TYR_GLN_TYR_5  ,          7.79677 
 1291  ,  TYR_HIS_GLH_1  ,          3.31984 
 1292  ,  TYR_HIS_GLH_2  ,          4.63867 
 1293  ,  TYR_HIS_GLH_3  ,          6.88622 
 1294  ,  TYR_HIS_GLH_4  ,          7.38316 
 1295  ,  TYR_HIS_GLH_5  ,          8.89551 
 1296  ,  TYR_HIS_GLN_1  ,          0.62278 
 1297  ,  TYR_HIS_GLN_2  ,          1.37464 
 1298  ,  TYR_HIS_GLN_3  ,          2.23010 
 1299  ,  TYR_HIS_GLN_4  ,          3.77934 
 1300  ,  TYR_HIS_GLN_5  ,          5.48732 
 1301  ,  TYR_HIS_HIS_1  ,          2.98529 
 1302  ,  TYR_HIS_HIS_2  ,          3.48504 
 1303  ,  TYR_HIS_HIS_3  ,          4.02415 
 1304  ,  TYR_HIS_HIS_4  ,          4.38694 
 1305  ,  TYR_HIS_HIS_5  ,          6.85804 
 1306  ,  TYR_HIS_MET_1  ,          2.77626 
 1307  ,  TYR_HIS_MET_2  ,          3.33332 
 1308  ,  TYR_HIS_MET_3  ,          4.68160 
 1309  ,  TYR_HIS_MET_4  ,          5.78371 
 1310  ,  TYR_HIS_MET_5  ,          6.60573 
 1311  ,  TYR_HIS_TYR_1  ,          6.74682 
 1312  ,  TYR_HIS_TYR_2  ,          7.00753 
 1313  ,  TYR_HIS_TYR_3  ,          7.38136 
 1314  ,  TYR_HIS_TYR_4  ,          9.77535 
 1315  ,  TYR_HIS_TYR_5  ,         10.80480 
 1316  ,  TYR_LEU_GLH_1  ,          5.19128 
 1317  ,  TYR_LEU_GLH_2  ,          8.79791 
 1318  ,  TYR_LEU_GLH_3  ,          8.83532 
 1319  ,  TYR_LEU_GLH_4  ,          9.29935 
 1320  ,  TYR_LEU_GLH_5  ,         10.62474 
 1321  ,  TYR_LEU_GLN_1  ,          3.42067 
 1322  ,  TYR_LEU_GLN_2  ,          5.29553 
 1323  ,  TYR_LEU_GLN_3  ,          5.67390 
 1324  ,  TYR_LEU_GLN_4  ,          7.16755 
 1325  ,  TYR_LEU_GLN_5  ,          9.55363 
 1326  ,  TYR_LEU_HIS_1  ,          4.64009 
 1327  ,  TYR_LEU_HIS_2  ,          6.91990 
 1328  ,  TYR_LEU_HIS_3  ,          7.02727 
 1329  ,  TYR_LEU_HIS_4  ,          7.82155 
 1330  ,  TYR_LEU_HIS_5  ,          8.37943 
 1331  ,  TYR_LEU_MET_1  ,          0.85489 
 1332  ,  TYR_LEU_MET_2  ,          5.70909 
 1333  ,  TYR_LEU_MET_3  ,          6.11917 
 1334  ,  TYR_LEU_MET_4  ,          6.16384 
 1335  ,  TYR_LEU_MET_5  ,          7.28823 
 1336  ,  TYR_LEU_TYR_1  ,          4.39097 
 1337  ,  TYR_LEU_TYR_2  ,          8.28556 
 1338  ,  TYR_LEU_TYR_3  ,          9.61421 
 1339  ,  TYR_LEU_TYR_4  ,         10.06338 
 1340  ,  TYR_LEU_TYR_5  ,         11.59656 
 1341  ,  TYR_MET_GLH_1  ,          4.34214 
 1342  ,  TYR_MET_GLH_2  ,          7.74367 
 1343  ,  TYR_MET_GLH_3  ,          7.88944 
 1344  ,  TYR_MET_GLH_4  ,          8.38712 
 1345  ,  TYR_MET_GLH_5  ,          8.84898 
 1346  ,  TYR_MET_GLN_1  ,          9.04919 
 1347  ,  TYR_MET_GLN_2  ,         10.95973 
 1348  ,  TYR_MET_GLN_3  ,         12.47593 
 1349  ,  TYR_MET_GLN_4  ,         12.68356 
 1350  ,  TYR_MET_GLN_5  ,         12.81589 
 1351  ,  TYR_MET_HIS_1  ,          3.03531 
 1352  ,  TYR_MET_HIS_2  ,          5.69938 
 1353  ,  TYR_MET_HIS_3  ,          7.48753 
 1354  ,  TYR_MET_HIS_4  ,          9.21884 
 1355  ,  TYR_MET_HIS_5  ,          9.81444 
 1356  ,  TYR_MET_MET_1  ,          6.90434 
 1357  ,  TYR_MET_MET_2  ,          8.09187 
 1358  ,  TYR_MET_MET_3  ,          8.86943 
 1359  ,  TYR_MET_MET_4  ,          9.33994 
 1360  ,  TYR_MET_MET_5  ,          9.58310 
 1361  ,  TYR_MET_TYR_1  ,          7.54809 
 1362  ,  TYR_MET_TYR_2  ,          8.00362 
 1363  ,  TYR_MET_TYR_3  ,          8.38628 
 1364  ,  TYR_MET_TYR_4  ,          8.43081 
 1365  ,  TYR_MET_TYR_5  ,          8.79565 
 1366  ,  TYR_PRO_GLH_1  ,          3.53056 
 1367  ,  TYR_PRO_GLH_2  ,          3.69453 
 1368  ,  TYR_PRO_GLH_3  ,          4.15963 
 1369  ,  TYR_PRO_GLH_4  ,          5.30967 
 1370  ,  TYR_PRO_GLH_5  ,          6.51391 
 1371  ,  TYR_PRO_GLN_1  ,          2.76080 
 1372  ,  TYR_PRO_GLN_2  ,          2.86485 
 1373  ,  TYR_PRO_GLN_3  ,          2.96406 
 1374  ,  TYR_PRO_GLN_4  ,          4.45746 
 1375  ,  TYR_PRO_GLN_5  ,          4.55449 
 1376  ,  TYR_PRO_HIS_1  ,          1.84911 
 1377  ,  TYR_PRO_HIS_2  ,          4.17758 
 1378  ,  TYR_PRO_HIS_3  ,          4.24364 
 1379  ,  TYR_PRO_HIS_4  ,          5.29253 
 1380  ,  TYR_PRO_HIS_5  ,          6.09687 
 1381  ,  TYR_PRO_MET_1  ,          3.59863 
 1382  ,  TYR_PRO_MET_2  ,          4.14582 
 1383  ,  TYR_PRO_MET_3  ,          5.13796 
 1384  ,  TYR_PRO_MET_4  ,          6.85237 
 1385  ,  TYR_PRO_MET_5  ,          7.22664 
 1386  ,  TYR_PRO_TYR_1  ,          5.06792 
 1387  ,  TYR_PRO_TYR_2  ,          6.45451 
 1388  ,  TYR_PRO_TYR_3  ,          6.80895 
 1389  ,  TYR_PRO_TYR_4  ,          7.10669 
 1390  ,  TYR_PRO_TYR_5  ,          7.69701 
 1391  ,  TYR_TRP_GLH_1  ,          6.07705 
 1392  ,  TYR_TRP_GLH_2  ,          8.47660 
 1393  ,  TYR_TRP_GLH_3  ,          8.66529 
 1394  ,  TYR_TRP_GLH_4  ,          9.28363 
 1395  ,  TYR_TRP_GLH_5  ,         10.48932 
 1396  ,  TYR_TRP_GLN_1  ,          2.97036 
 1397  ,  TYR_TRP_GLN_2  ,          4.23011 
 1398  ,  TYR_TRP_GLN_3  ,          7.54607 
 1399  ,  TYR_TRP_GLN_4  ,          8.32957 
 1400  ,  TYR_TRP_GLN_5  ,          8.98146 
 1401  ,  TYR_TRP_HIS_1  ,          4.83401 
 1402  ,  TYR_TRP_HIS_2  ,         10.77323 
 1403  ,  TYR_TRP_HIS_3  ,         11.73900 
 1404  ,  TYR_TRP_HIS_4  ,         11.81208 
 1405  ,  TYR_TRP_HIS_5  ,         12.31806 
 1406  ,  TYR_TRP_MET_1  ,          2.96766 
 1407  ,  TYR_TRP_MET_2  ,          6.31166 
 1408  ,  TYR_TRP_MET_3  ,          6.58862 
 1409  ,  TYR_TRP_MET_4  ,          7.04484 
 1410  ,  TYR_TRP_MET_5  ,          7.42647 
 1411  ,  TYR_TRP_TYR_1  ,          6.18012 
 1412  ,  TYR_TRP_TYR_2  ,          6.38977 
 1413  ,  TYR_TRP_TYR_3  ,          8.00965 
 1414  ,  TYR_TRP_TYR_4  ,          9.50918 
 1415  ,  TYR_TRP_TYR_5  ,          9.86774 
 1416  ,  TYR_TYR_GLH_1  ,          2.62099 
 1417  ,  TYR_TYR_GLH_2  ,          8.00429 
 1418  ,  TYR_TYR_GLH_3  ,          8.03265 
 1419  ,  TYR_TYR_GLH_4  ,          8.88970 
 1420  ,  TYR_TYR_GLH_5  ,         10.55586 
 1421  ,  TYR_TYR_GLN_1  ,          3.77515 
 1422  ,  TYR_TYR_GLN_2  ,          6.63288 
 1423  ,  TYR_TYR_GLN_3  ,          7.59064 
 1424  ,  TYR_TYR_GLN_4  ,          8.45881 
 1425  ,  TYR_TYR_GLN_5  ,          8.57038 
 1426  ,  TYR_TYR_HIS_1  ,          9.74733 
 1427  ,  TYR_TYR_HIS_2  ,         10.39613 
 1428  ,  TYR_TYR_HIS_3  ,         11.26506 
 1429  ,  TYR_TYR_HIS_4  ,         12.16011 
 1430  ,  TYR_TYR_HIS_5  ,         13.31962 
 1431  ,  TYR_TYR_MET_1  ,          7.05204 
 1432  ,  TYR_TYR_MET_2  ,          8.08989 
 1433  ,  TYR_TYR_MET_3  ,          8.51085 
 1434  ,  TYR_TYR_MET_4  ,          8.94594 
 1435  ,  TYR_TYR_MET_5  ,         10.16547 
 1436  ,  TYR_TYR_TYR_1  ,          7.20568 
 1437  ,  TYR_TYR_TYR_2  ,          7.34777 
 1438  ,  TYR_TYR_TYR_3  ,          7.91360 
 1439  ,  TYR_TYR_TYR_4  ,          9.77465 
 1440  ,  TYR_TYR_TYR_5  ,         10.23678 
