    #  ,  Model      ,  Ref. (kcal/mol) 
    1  ,  ALA_ALA_1  ,          0.54265 
    2  ,  ALA_ALA_2  ,          0.96336 
    3  ,  ALA_ALA_3  ,          1.35046 
    4  ,  ALA_ALA_4  ,          1.81442 
    5  ,  ALA_ALA_5  ,          2.34427 
    6  ,  ALA_ASN_1  ,          1.50823 
    7  ,  ALA_ASN_2  ,          3.07106 
    8  ,  ALA_ASN_3  ,          3.13452 
    9  ,  ALA_ASN_4  ,          4.82093 
   10  ,  ALA_ASN_5  ,          4.98886 
   11  ,  ALA_CYS_1  ,          0.71422 
   12  ,  ALA_CYS_2  ,          0.96420 
   13  ,  ALA_CYS_3  ,          1.06095 
   14  ,  ALA_CYS_4  ,          1.27890 
   15  ,  ALA_CYS_5  ,          1.28647 
   16  ,  ALA_GLN_1  ,          2.56561 
   17  ,  ALA_GLN_2  ,          3.55328 
   18  ,  ALA_GLN_3  ,          3.70964 
   19  ,  ALA_GLN_4  ,          3.75422 
   20  ,  ALA_GLN_5  ,          4.04695 
   21  ,  ALA_GLY_1  ,          0.72753 
   22  ,  ALA_GLY_2  ,          1.06099 
   23  ,  ALA_GLY_3  ,          1.35335 
   24  ,  ALA_GLY_4  ,          2.26035 
   25  ,  ALA_GLY_5  ,          2.31868 
   26  ,  ALA_HIS_1  ,          3.39613 
   27  ,  ALA_HIS_2  ,          4.83198 
   28  ,  ALA_HIS_3  ,          5.13255 
   29  ,  ALA_HIS_4  ,          5.39715 
   30  ,  ALA_HIS_5  ,          6.50767 
   31  ,  ALA_ILE_1  ,          0.38563 
   32  ,  ALA_ILE_2  ,          1.30127 
   33  ,  ALA_ILE_3  ,          1.83230 
   34  ,  ALA_ILE_4  ,          2.05224 
   35  ,  ALA_ILE_5  ,          2.67942 
   36  ,  ALA_LEU_1  ,          0.62559 
   37  ,  ALA_LEU_2  ,          1.34736 
   38  ,  ALA_LEU_3  ,          2.66816 
   39  ,  ALA_LEU_4  ,          3.05763 
   40  ,  ALA_LEU_5  ,          3.18238 
   41  ,  ALA_MET_1  ,          0.46902 
   42  ,  ALA_MET_2  ,          1.04297 
   43  ,  ALA_MET_3  ,          1.56008 
   44  ,  ALA_MET_4  ,          1.93994 
   45  ,  ALA_MET_5  ,          2.51054 
   46  ,  ALA_PHE_1  ,          0.93584 
   47  ,  ALA_PHE_2  ,          0.96741 
   48  ,  ALA_PHE_3  ,          1.27197 
   49  ,  ALA_PHE_4  ,          1.42657 
   50  ,  ALA_PHE_5  ,          1.63611 
   51  ,  ALA_PRO_1  ,          0.67970 
   52  ,  ALA_PRO_2  ,          1.07464 
   53  ,  ALA_PRO_3  ,          1.09669 
   54  ,  ALA_PRO_4  ,          2.75855 
   55  ,  ALA_PRO_5  ,          3.05563 
   56  ,  ALA_SER_1  ,          0.56756 
   57  ,  ALA_SER_2  ,          1.61106 
   58  ,  ALA_SER_3  ,          1.73300 
   59  ,  ALA_SER_4  ,          2.21494 
   60  ,  ALA_SER_5  ,          2.57130 
   61  ,  ALA_THR_1  ,          1.05905 
   62  ,  ALA_THR_2  ,          2.62339 
   63  ,  ALA_THR_3  ,          3.21844 
   64  ,  ALA_THR_4  ,          3.88604 
   65  ,  ALA_THR_5  ,          3.94664 
   66  ,  ALA_TRP_1  ,          1.58567 
   67  ,  ALA_TRP_2  ,          1.91948 
   68  ,  ALA_TRP_3  ,          1.95096 
   69  ,  ALA_TRP_4  ,          2.43105 
   70  ,  ALA_TRP_5  ,          2.84074 
   71  ,  ALA_TYR_1  ,          1.78503 
   72  ,  ALA_TYR_2  ,          1.82036 
   73  ,  ALA_TYR_3  ,          3.33810 
   74  ,  ALA_TYR_4  ,          3.53504 
   75  ,  ALA_TYR_5  ,          4.01412 
   76  ,  ALA_VAL_1  ,          0.85722 
   77  ,  ALA_VAL_2  ,          1.02381 
   78  ,  ALA_VAL_3  ,          1.04001 
   79  ,  ALA_VAL_4  ,          1.10390 
   80  ,  ALA_VAL_5  ,          1.10794 
   81  ,  ARG_ALA_1  ,          0.74672 
   82  ,  ARG_ALA_2  ,          1.70155 
   83  ,  ARG_ALA_3  ,          2.09558 
   84  ,  ARG_ALA_4  ,          2.24676 
   85  ,  ARG_ALA_5  ,          4.57443 
   86  ,  ARG_ARG_1  ,          0.56461 
   87  ,  ARG_ARG_2  ,          0.68717 
   88  ,  ARG_ARG_3  ,          0.73973 
   89  ,  ARG_ARG_4  ,          1.17100 
   90  ,  ARG_ARG_5  ,          1.38416 
   91  ,  ARG_ASN_1  ,          0.63601 
   92  ,  ARG_ASN_2  ,          2.46520 
   93  ,  ARG_ASN_3  ,          2.95392 
   94  ,  ARG_ASN_4  ,          4.06260 
   95  ,  ARG_ASN_5  ,          4.42690 
   96  ,  ARG_CYS_1  ,          0.39987 
   97  ,  ARG_CYS_2  ,          4.47078 
   98  ,  ARG_CYS_3  ,          4.71935 
   99  ,  ARG_CYS_4  ,          4.85494 
  100  ,  ARG_CYS_5  ,          5.73143 
  101  ,  ARG_GLN_1  ,          0.99024 
  102  ,  ARG_GLN_2  ,          1.27476 
  103  ,  ARG_GLN_3  ,          2.77210 
  104  ,  ARG_GLN_4  ,          2.80964 
  105  ,  ARG_GLN_5  ,          3.30166 
  106  ,  ARG_GLY_1  ,          0.76852 
  107  ,  ARG_GLY_2  ,          1.76239 
  108  ,  ARG_GLY_3  ,          1.88767 
  109  ,  ARG_GLY_4  ,          3.09684 
  110  ,  ARG_GLY_5  ,          3.12254 
  111  ,  ARG_HIS_1  ,          1.56248 
  112  ,  ARG_HIS_2  ,          4.14409 
  113  ,  ARG_HIS_3  ,          4.48722 
  114  ,  ARG_HIS_4  ,          4.83888 
  115  ,  ARG_HIS_5  ,          5.37303 
  116  ,  ARG_ILE_1  ,          0.49851 
  117  ,  ARG_ILE_2  ,          1.57532 
  118  ,  ARG_ILE_3  ,          2.53489 
  119  ,  ARG_ILE_4  ,          2.65844 
  120  ,  ARG_ILE_5  ,          3.32981 
  121  ,  ARG_LEU_1  ,          1.79643 
  122  ,  ARG_LEU_2  ,          2.01878 
  123  ,  ARG_LEU_3  ,          2.94135 
  124  ,  ARG_LEU_4  ,          2.98838 
  125  ,  ARG_LEU_5  ,          3.32473 
  126  ,  ARG_LYS_1  ,          0.06151 
  127  ,  ARG_LYS_2  ,          2.59260 
  128  ,  ARG_LYS_3  ,          3.65802 
  129  ,  ARG_LYS_4  ,          4.32061 
  130  ,  ARG_LYS_5  ,          5.20897 
  131  ,  ARG_MET_1  ,          3.88738 
  132  ,  ARG_MET_2  ,          5.15364 
  133  ,  ARG_MET_3  ,          5.16578 
  134  ,  ARG_MET_4  ,          5.35674 
  135  ,  ARG_MET_5  ,          6.28532 
  136  ,  ARG_PHE_1  ,          6.79433 
  137  ,  ARG_PHE_2  ,          7.68670 
  138  ,  ARG_PHE_3  ,          8.35218 
  139  ,  ARG_PHE_4  ,          8.81512 
  140  ,  ARG_PHE_5  ,          8.87919 
  141  ,  ARG_PRO_1  ,          2.88046 
  142  ,  ARG_PRO_2  ,          3.07770 
  143  ,  ARG_PRO_3  ,          3.47621 
  144  ,  ARG_PRO_4  ,          4.94321 
  145  ,  ARG_PRO_5  ,          5.21027 
  146  ,  ARG_SER_1  ,          1.81350 
  147  ,  ARG_SER_2  ,          3.60374 
  148  ,  ARG_SER_3  ,          5.05238 
  149  ,  ARG_SER_4  ,          5.76116 
  150  ,  ARG_SER_5  ,          6.74935 
  151  ,  ARG_THR_1  ,          3.86862 
  152  ,  ARG_THR_2  ,          6.42829 
  153  ,  ARG_THR_3  ,          6.50008 
  154  ,  ARG_THR_4  ,          6.84727 
  155  ,  ARG_THR_5  ,          7.47763 
  156  ,  ARG_TRP_1  ,          5.07555 
  157  ,  ARG_TRP_2  ,          5.37045 
  158  ,  ARG_TRP_3  ,          5.50145 
  159  ,  ARG_TRP_4  ,          5.70125 
  160  ,  ARG_TRP_5  ,          7.85396 
  161  ,  ARG_TYR_1  ,          2.99952 
  162  ,  ARG_TYR_2  ,          6.28426 
  163  ,  ARG_TYR_3  ,          7.27863 
  164  ,  ARG_TYR_4  ,          8.22013 
  165  ,  ARG_TYR_5  ,          8.49360 
  166  ,  ARG_VAL_1  ,          1.97194 
  167  ,  ARG_VAL_2  ,          2.29868 
  168  ,  ARG_VAL_3  ,          2.30967 
  169  ,  ARG_VAL_4  ,          2.59181 
  170  ,  ARG_VAL_5  ,          3.46350 
  171  ,  ASN_ASN_1  ,          1.17345 
  172  ,  ASN_ASN_2  ,          1.37537 
  173  ,  ASN_ASN_3  ,          2.47485 
  174  ,  ASN_ASN_4  ,          2.51284 
  175  ,  ASN_ASN_5  ,          2.76801 
  176  ,  ASN_CYS_1  ,          0.00020 
  177  ,  ASN_CYS_2  ,          0.66356 
  178  ,  ASN_CYS_3  ,          1.45584 
  179  ,  ASN_CYS_4  ,          1.98868 
  180  ,  ASN_CYS_5  ,          2.21133 
  181  ,  ASN_GLN_1  ,          1.45502 
  182  ,  ASN_GLN_2  ,          4.39213 
  183  ,  ASN_GLN_3  ,          4.43812 
  184  ,  ASN_GLN_4  ,          4.85696 
  185  ,  ASN_GLN_5  ,          5.28011 
  186  ,  ASN_MET_1  ,          1.15421 
  187  ,  ASN_MET_2  ,          1.24093 
  188  ,  ASN_MET_3  ,          2.22805 
  189  ,  ASN_MET_4  ,          2.95729 
  190  ,  ASN_MET_5  ,          3.18157 
  191  ,  ASP_ALA_1  ,          0.04196 
  192  ,  ASP_ALA_2  ,          0.18379 
  193  ,  ASP_ALA_3  ,          0.21023 
  194  ,  ASP_ALA_4  ,          0.30753 
  195  ,  ASP_ALA_5  ,          0.32678 
  196  ,  ASP_ARG_1  ,          0.02552 
  197  ,  ASP_ARG_2  ,          0.12332 
  198  ,  ASP_ARG_3  ,          1.25871 
  199  ,  ASP_ARG_4  ,          1.45115 
  200  ,  ASP_ARG_5  ,          2.24421 
  201  ,  ASP_ASN_1  ,          0.57937 
  202  ,  ASP_ASN_2  ,          1.85691 
  203  ,  ASP_ASN_3  ,          2.28178 
  204  ,  ASP_ASN_4  ,          2.55368 
  205  ,  ASP_ASN_5  ,          3.08037 
  206  ,  ASP_ASP_1  ,          1.98930 
  207  ,  ASP_ASP_2  ,          2.74971 
  208  ,  ASP_ASP_3  ,          2.78901 
  209  ,  ASP_ASP_4  ,          4.05871 
  210  ,  ASP_ASP_5  ,          4.08939 
  211  ,  ASP_CYS_1  ,          0.36981 
  212  ,  ASP_CYS_2  ,          0.50877 
  213  ,  ASP_CYS_3  ,          0.84925 
  214  ,  ASP_CYS_4  ,          1.40949 
  215  ,  ASP_CYS_5  ,          1.42820 
  216  ,  ASP_GLN_1  ,          0.29530 
  217  ,  ASP_GLN_2  ,          1.98344 
  218  ,  ASP_GLN_3  ,          2.59632 
  219  ,  ASP_GLN_4  ,          2.82883 
  220  ,  ASP_GLN_5  ,          3.67812 
  221  ,  ASP_GLU_1  ,          2.55806 
  222  ,  ASP_GLU_2  ,          3.17725 
  223  ,  ASP_GLU_3  ,          4.17879 
  224  ,  ASP_GLU_4  ,          4.18224 
  225  ,  ASP_GLU_5  ,          4.38913 
  226  ,  ASP_GLY_1  ,          0.10621 
  227  ,  ASP_GLY_2  ,          0.95133 
  228  ,  ASP_GLY_3  ,          0.95641 
  229  ,  ASP_GLY_4  ,          2.04226 
  230  ,  ASP_GLY_5  ,          2.18298 
  231  ,  ASP_HIS_1  ,          0.49155 
  232  ,  ASP_HIS_2  ,          1.79969 
  233  ,  ASP_HIS_3  ,          1.96687 
  234  ,  ASP_HIS_4  ,          2.48718 
  235  ,  ASP_HIS_5  ,          2.95532 
  236  ,  ASP_ILE_1  ,          0.10496 
  237  ,  ASP_ILE_2  ,          0.43608 
  238  ,  ASP_ILE_3  ,          1.42464 
  239  ,  ASP_ILE_4  ,          1.81979 
  240  ,  ASP_ILE_5  ,          2.27650 
  241  ,  ASP_LEU_1  ,          0.30095 
  242  ,  ASP_LEU_2  ,          1.06328 
  243  ,  ASP_LEU_3  ,          1.50000 
  244  ,  ASP_LEU_4  ,          1.50288 
  245  ,  ASP_LEU_5  ,          1.82962 
  246  ,  ASP_LYS_1  ,          1.31034 
  247  ,  ASP_LYS_2  ,          2.72199 
  248  ,  ASP_LYS_3  ,          2.88710 
  249  ,  ASP_LYS_4  ,          3.02975 
  250  ,  ASP_LYS_5  ,          3.68863 
  251  ,  ASP_MET_1  ,          0.68637 
  252  ,  ASP_MET_2  ,          1.15335 
  253  ,  ASP_MET_3  ,          1.54295 
  254  ,  ASP_MET_4  ,          1.91789 
  255  ,  ASP_MET_5  ,          3.54065 
  256  ,  ASP_PHE_1  ,          1.01718 
  257  ,  ASP_PHE_2  ,          1.25578 
  258  ,  ASP_PHE_3  ,          2.54815 
  259  ,  ASP_PHE_4  ,          3.35532 
  260  ,  ASP_PHE_5  ,          5.48886 
  261  ,  ASP_PRO_1  ,          0.79407 
  262  ,  ASP_PRO_2  ,          1.33047 
  263  ,  ASP_PRO_3  ,          1.42022 
  264  ,  ASP_PRO_4  ,          1.61478 
  265  ,  ASP_PRO_5  ,          1.66905 
  266  ,  ASP_SER_1  ,          0.40062 
  267  ,  ASP_SER_2  ,          0.97025 
  268  ,  ASP_SER_3  ,          1.04153 
  269  ,  ASP_SER_4  ,          1.45756 
  270  ,  ASP_SER_5  ,          2.37330 
  271  ,  ASP_THR_1  ,          0.68216 
  272  ,  ASP_THR_2  ,          1.41213 
  273  ,  ASP_THR_3  ,          1.65978 
  274  ,  ASP_THR_4  ,          1.76189 
  275  ,  ASP_THR_5  ,          1.76255 
  276  ,  ASP_TRP_1  ,          1.73435 
  277  ,  ASP_TRP_2  ,          2.18060 
  278  ,  ASP_TRP_3  ,          3.17702 
  279  ,  ASP_TRP_4  ,          4.08436 
  280  ,  ASP_TRP_5  ,          5.26066 
  281  ,  ASP_TYR_1  ,          0.17282 
  282  ,  ASP_TYR_2  ,          0.30493 
  283  ,  ASP_TYR_3  ,          0.31591 
  284  ,  ASP_TYR_4  ,          2.20191 
  285  ,  ASP_TYR_5  ,          2.63020 
  286  ,  ASP_VAL_1  ,          0.07313 
  287  ,  ASP_VAL_2  ,          0.45780 
  288  ,  ASP_VAL_3  ,          0.75749 
  289  ,  ASP_VAL_4  ,          1.03393 
  290  ,  ASP_VAL_5  ,          1.69142 
  291  ,  CYS_CYS_1  ,          0.32684 
  292  ,  CYS_CYS_2  ,          0.36702 
  293  ,  CYS_CYS_3  ,          2.06861 
  294  ,  CYS_CYS_4  ,          2.09342 
  295  ,  CYS_CYS_5  ,          2.57818 
  296  ,  CYS_MET_1  ,          0.35746 
  297  ,  CYS_MET_2  ,          0.87062 
  298  ,  CYS_MET_3  ,          1.86191 
  299  ,  CYS_MET_4  ,          2.04893 
  300  ,  CYS_MET_5  ,          2.44797 
  301  ,  GLN_CYS_1  ,          1.13123 
  302  ,  GLN_CYS_2  ,          1.73453 
  303  ,  GLN_CYS_3  ,          2.94041 
  304  ,  GLN_CYS_4  ,          3.30742 
  305  ,  GLN_CYS_5  ,          3.57669 
  306  ,  GLN_GLN_1  ,          1.18960 
  307  ,  GLN_GLN_2  ,          1.69224 
  308  ,  GLN_GLN_3  ,          1.90699 
  309  ,  GLN_GLN_4  ,          2.30707 
  310  ,  GLN_GLN_5  ,          2.79578 
  311  ,  GLN_MET_1  ,          4.72050 
  312  ,  GLN_MET_2  ,          4.99263 
  313  ,  GLN_MET_3  ,          5.19482 
  314  ,  GLN_MET_4  ,          5.53666 
  315  ,  GLN_MET_5  ,          6.45196 
  316  ,  GLU_ALA_1  ,          0.80453 
  317  ,  GLU_ALA_2  ,          1.04074 
  318  ,  GLU_ALA_3  ,          1.19047 
  319  ,  GLU_ALA_4  ,          1.79985 
  320  ,  GLU_ALA_5  ,          1.84910 
  321  ,  GLU_ARG_1  ,          0.30846 
  322  ,  GLU_ARG_2  ,          0.36795 
  323  ,  GLU_ARG_3  ,          0.82264 
  324  ,  GLU_ARG_4  ,          1.65730 
  325  ,  GLU_ARG_5  ,          2.88034 
  326  ,  GLU_ASN_1  ,          0.54411 
  327  ,  GLU_ASN_2  ,          1.89501 
  328  ,  GLU_ASN_3  ,          2.66892 
  329  ,  GLU_ASN_4  ,          3.74728 
  330  ,  GLU_ASN_5  ,          4.21118 
  331  ,  GLU_CYS_1  ,          2.93976 
  332  ,  GLU_CYS_2  ,          4.49513 
  333  ,  GLU_CYS_3  ,          4.90356 
  334  ,  GLU_CYS_4  ,          5.01671 
  335  ,  GLU_CYS_5  ,          5.39861 
  336  ,  GLU_GLN_1  ,          0.68838 
  337  ,  GLU_GLN_2  ,          1.90939 
  338  ,  GLU_GLN_3  ,          2.50969 
  339  ,  GLU_GLN_4  ,          2.94503 
  340  ,  GLU_GLN_5  ,          3.64626 
  341  ,  GLU_GLU_1  ,          0.02709 
  342  ,  GLU_GLU_2  ,          2.60870 
  343  ,  GLU_GLU_3  ,          2.78637 
  344  ,  GLU_GLU_4  ,          2.95289 
  345  ,  GLU_GLU_5  ,          3.00182 
  346  ,  GLU_GLY_1  ,          0.72374 
  347  ,  GLU_GLY_2  ,          1.80907 
  348  ,  GLU_GLY_3  ,          2.18907 
  349  ,  GLU_GLY_4  ,          2.83302 
  350  ,  GLU_GLY_5  ,          2.86155 
  351  ,  GLU_HIS_1  ,          2.69017 
  352  ,  GLU_HIS_2  ,          6.96148 
  353  ,  GLU_HIS_3  ,          7.36664 
  354  ,  GLU_HIS_4  ,          7.38085 
  355  ,  GLU_HIS_5  ,          8.82683 
  356  ,  GLU_ILE_1  ,          0.05912 
  357  ,  GLU_ILE_2  ,          1.06995 
  358  ,  GLU_ILE_3  ,          1.10041 
  359  ,  GLU_ILE_4  ,          1.14182 
  360  ,  GLU_ILE_5  ,          2.16205 
  361  ,  GLU_LEU_1  ,          0.40825 
  362  ,  GLU_LEU_2  ,          0.46387 
  363  ,  GLU_LEU_3  ,          0.52360 
  364  ,  GLU_LEU_4  ,          0.92173 
  365  ,  GLU_LEU_5  ,          1.23381 
  366  ,  GLU_LYS_1  ,          0.79021 
  367  ,  GLU_LYS_2  ,          2.29586 
  368  ,  GLU_LYS_3  ,          3.68956 
  369  ,  GLU_LYS_4  ,          4.01175 
  370  ,  GLU_LYS_5  ,          4.44008 
  371  ,  GLU_MET_1  ,          1.33971 
  372  ,  GLU_MET_2  ,          1.37434 
  373  ,  GLU_MET_3  ,          3.13558 
  374  ,  GLU_MET_4  ,          3.59606 
  375  ,  GLU_MET_5  ,          5.21610 
  376  ,  GLU_PHE_1  ,          1.36043 
  377  ,  GLU_PHE_2  ,          1.58601 
  378  ,  GLU_PHE_3  ,          2.05605 
  379  ,  GLU_PHE_4  ,          2.22526 
  380  ,  GLU_PHE_5  ,          3.48060 
  381  ,  GLU_PRO_1  ,          0.06531 
  382  ,  GLU_PRO_2  ,          0.08663 
  383  ,  GLU_PRO_3  ,          0.86038 
  384  ,  GLU_PRO_4  ,          1.77342 
  385  ,  GLU_PRO_5  ,          3.19934 
  386  ,  GLU_SER_1  ,          3.44647 
  387  ,  GLU_SER_2  ,          3.57263 
  388  ,  GLU_SER_3  ,          3.72822 
  389  ,  GLU_SER_4  ,          3.77967 
  390  ,  GLU_SER_5  ,          4.00401 
  391  ,  GLU_THR_1  ,          1.37218 
  392  ,  GLU_THR_2  ,          1.95943 
  393  ,  GLU_THR_3  ,          2.55574 
  394  ,  GLU_THR_4  ,          2.85768 
  395  ,  GLU_THR_5  ,          3.21398 
  396  ,  GLU_TRP_1  ,          2.66060 
  397  ,  GLU_TRP_2  ,          6.34744 
  398  ,  GLU_TRP_3  ,          6.87904 
  399  ,  GLU_TRP_4  ,          7.16261 
  400  ,  GLU_TRP_5  ,          7.97290 
  401  ,  GLU_TYR_1  ,          1.15410 
  402  ,  GLU_TYR_2  ,          1.85158 
  403  ,  GLU_TYR_3  ,          6.02544 
  404  ,  GLU_TYR_4  ,          7.82387 
  405  ,  GLU_TYR_5  ,          8.60211 
  406  ,  GLU_VAL_1  ,          1.53600 
  407  ,  GLU_VAL_2  ,          2.10833 
  408  ,  GLU_VAL_3  ,          3.00634 
  409  ,  GLU_VAL_4  ,          3.56844 
  410  ,  GLU_VAL_5  ,          4.17812 
  411  ,  GLY_ASN_1  ,          1.34062 
  412  ,  GLY_ASN_2  ,          2.01835 
  413  ,  GLY_ASN_3  ,          2.85241 
  414  ,  GLY_ASN_4  ,          4.14248 
  415  ,  GLY_ASN_5  ,          4.64355 
  416  ,  GLY_CYS_1  ,          1.38351 
  417  ,  GLY_CYS_2  ,          1.42877 
  418  ,  GLY_CYS_3  ,          1.96016 
  419  ,  GLY_CYS_4  ,          2.25608 
  420  ,  GLY_CYS_5  ,          2.81119 
  421  ,  GLY_GLN_1  ,          4.07585 
  422  ,  GLY_GLN_2  ,          4.48948 
  423  ,  GLY_GLN_3  ,          4.78003 
  424  ,  GLY_GLN_4  ,          5.09093 
  425  ,  GLY_GLN_5  ,          6.03038 
  426  ,  GLY_GLY_1  ,          0.04859 
  427  ,  GLY_GLY_2  ,          0.11507 
  428  ,  GLY_GLY_3  ,          0.44066 
  429  ,  GLY_GLY_4  ,          1.08148 
  430  ,  GLY_GLY_5  ,          1.34220 
  431  ,  GLY_HIS_1  ,          3.17060 
  432  ,  GLY_HIS_2  ,          4.66360 
  433  ,  GLY_HIS_3  ,          4.69488 
  434  ,  GLY_HIS_4  ,          5.80399 
  435  ,  GLY_HIS_5  ,          6.22925 
  436  ,  GLY_ILE_1  ,          0.32180 
  437  ,  GLY_ILE_2  ,          0.59123 
  438  ,  GLY_ILE_3  ,          0.86831 
  439  ,  GLY_ILE_4  ,          1.64448 
  440  ,  GLY_ILE_5  ,          1.80807 
  441  ,  GLY_LEU_1  ,          0.40394 
  442  ,  GLY_LEU_2  ,          1.26508 
  443  ,  GLY_LEU_3  ,          1.30339 
  444  ,  GLY_LEU_4  ,          1.33186 
  445  ,  GLY_LEU_5  ,          1.33604 
  446  ,  GLY_MET_1  ,          0.45198 
  447  ,  GLY_MET_2  ,          0.92433 
  448  ,  GLY_MET_3  ,          1.00760 
  449  ,  GLY_MET_4  ,          1.03169 
  450  ,  GLY_MET_5  ,          1.48804 
  451  ,  GLY_PHE_1  ,          1.71996 
  452  ,  GLY_PHE_2  ,          1.93567 
  453  ,  GLY_PHE_3  ,          2.94215 
  454  ,  GLY_PHE_4  ,          3.48940 
  455  ,  GLY_PHE_5  ,          3.52922 
  456  ,  GLY_PRO_1  ,          1.83711 
  457  ,  GLY_PRO_2  ,          2.16652 
  458  ,  GLY_PRO_3  ,          3.15738 
  459  ,  GLY_PRO_4  ,          3.49574 
  460  ,  GLY_PRO_5  ,          4.57950 
  461  ,  GLY_SER_1  ,          2.99055 
  462  ,  GLY_SER_2  ,          3.03194 
  463  ,  GLY_SER_3  ,          3.67977 
  464  ,  GLY_SER_4  ,          3.93281 
  465  ,  GLY_SER_5  ,          4.03237 
  466  ,  GLY_THR_1  ,          1.15956 
  467  ,  GLY_THR_2  ,          2.70598 
  468  ,  GLY_THR_3  ,          2.86695 
  469  ,  GLY_THR_4  ,          3.23541 
  470  ,  GLY_THR_5  ,          3.28710 
  471  ,  GLY_TRP_1  ,          2.06712 
  472  ,  GLY_TRP_2  ,          2.16400 
  473  ,  GLY_TRP_3  ,          2.29401 
  474  ,  GLY_TRP_4  ,          3.29956 
  475  ,  GLY_TRP_5  ,          4.01223 
  476  ,  GLY_TYR_1  ,          0.15620 
  477  ,  GLY_TYR_2  ,          1.09335 
  478  ,  GLY_TYR_3  ,          2.25036 
  479  ,  GLY_TYR_4  ,          2.57170 
  480  ,  GLY_TYR_5  ,          3.19252 
  481  ,  GLY_VAL_1  ,          0.47335 
  482  ,  GLY_VAL_2  ,          1.34845 
  483  ,  GLY_VAL_3  ,          1.70770 
  484  ,  GLY_VAL_4  ,          1.82685 
  485  ,  GLY_VAL_5  ,          1.84854 
  486  ,  HIS_ASN_1  ,          2.11998 
  487  ,  HIS_ASN_2  ,          6.51919 
  488  ,  HIS_ASN_3  ,          6.53927 
  489  ,  HIS_ASN_4  ,          7.64498 
  490  ,  HIS_ASN_5  ,          9.57380 
  491  ,  HIS_CYS_1  ,          5.38048 
  492  ,  HIS_CYS_2  ,          5.45386 
  493  ,  HIS_CYS_3  ,          6.29990 
  494  ,  HIS_CYS_4  ,          6.48223 
  495  ,  HIS_CYS_5  ,          7.48987 
  496  ,  HIS_GLN_1  ,          5.22582 
  497  ,  HIS_GLN_2  ,          5.39437 
  498  ,  HIS_GLN_3  ,          6.98946 
  499  ,  HIS_GLN_4  ,          7.10264 
  500  ,  HIS_GLN_5  ,          7.46159 
  501  ,  HIS_HIS_1  ,          6.16434 
  502  ,  HIS_HIS_2  ,          6.46488 
  503  ,  HIS_HIS_3  ,          6.52119 
  504  ,  HIS_HIS_4  ,          7.90078 
  505  ,  HIS_HIS_5  ,          7.92882 
  506  ,  HIS_MET_1  ,          0.17444 
  507  ,  HIS_MET_2  ,          0.80462 
  508  ,  HIS_MET_3  ,          1.59105 
  509  ,  HIS_MET_4  ,          3.18373 
  510  ,  HIS_MET_5  ,          3.84709 
  511  ,  HIS_SER_1  ,          2.99561 
  512  ,  HIS_SER_2  ,          3.66061 
  513  ,  HIS_SER_3  ,          3.82512 
  514  ,  HIS_SER_4  ,          3.83459 
  515  ,  HIS_SER_5  ,          3.99925 
  516  ,  HIS_THR_1  ,          2.65285 
  517  ,  HIS_THR_2  ,          3.93761 
  518  ,  HIS_THR_3  ,          4.11222 
  519  ,  HIS_THR_4  ,          4.26020 
  520  ,  HIS_THR_5  ,          4.37515 
  521  ,  ILE_ASN_1  ,          0.59314 
  522  ,  ILE_ASN_2  ,          1.88656 
  523  ,  ILE_ASN_3  ,          3.60887 
  524  ,  ILE_ASN_4  ,          4.77997 
  525  ,  ILE_ASN_5  ,          4.89801 
  526  ,  ILE_CYS_1  ,          0.44629 
  527  ,  ILE_CYS_2  ,          0.74172 
  528  ,  ILE_CYS_3  ,          0.80273 
  529  ,  ILE_CYS_4  ,          1.03746 
  530  ,  ILE_CYS_5  ,          1.23618 
  531  ,  ILE_GLN_1  ,          2.34858 
  532  ,  ILE_GLN_2  ,          2.57677 
  533  ,  ILE_GLN_3  ,          2.76190 
  534  ,  ILE_GLN_4  ,          3.35120 
  535  ,  ILE_GLN_5  ,          3.36987 
  536  ,  ILE_HIS_1  ,          3.16599 
  537  ,  ILE_HIS_2  ,          4.72219 
  538  ,  ILE_HIS_3  ,          5.66809 
  539  ,  ILE_HIS_4  ,          6.55348 
  540  ,  ILE_HIS_5  ,          6.68550 
  541  ,  ILE_ILE_1  ,          1.23555 
  542  ,  ILE_ILE_2  ,          1.63793 
  543  ,  ILE_ILE_3  ,          1.74152 
  544  ,  ILE_ILE_4  ,          2.26612 
  545  ,  ILE_ILE_5  ,          2.34986 
  546  ,  ILE_LEU_1  ,          0.29616 
  547  ,  ILE_LEU_2  ,          0.73035 
  548  ,  ILE_LEU_3  ,          0.88528 
  549  ,  ILE_LEU_4  ,          0.96757 
  550  ,  ILE_LEU_5  ,          1.34376 
  551  ,  ILE_MET_1  ,          2.11601 
  552  ,  ILE_MET_2  ,          2.91985 
  553  ,  ILE_MET_3  ,          4.51019 
  554  ,  ILE_MET_4  ,          4.53749 
  555  ,  ILE_MET_5  ,          4.68626 
  556  ,  ILE_PHE_1  ,          0.15991 
  557  ,  ILE_PHE_2  ,          1.66015 
  558  ,  ILE_PHE_3  ,          2.12212 
  559  ,  ILE_PHE_4  ,          2.21768 
  560  ,  ILE_PHE_5  ,          2.87827 
  561  ,  ILE_PRO_1  ,          0.41566 
  562  ,  ILE_PRO_2  ,          1.14274 
  563  ,  ILE_PRO_3  ,          1.93744 
  564  ,  ILE_PRO_4  ,          2.11066 
  565  ,  ILE_PRO_5  ,          2.19841 
  566  ,  ILE_SER_1  ,          0.26912 
  567  ,  ILE_SER_2  ,          0.68744 
  568  ,  ILE_SER_3  ,          1.07783 
  569  ,  ILE_SER_4  ,          1.29701 
  570  ,  ILE_SER_5  ,          2.46871 
  571  ,  ILE_THR_1  ,          1.71077 
  572  ,  ILE_THR_2  ,          3.28668 
  573  ,  ILE_THR_3  ,          3.49083 
  574  ,  ILE_THR_4  ,          3.83166 
  575  ,  ILE_THR_5  ,          3.97468 
  576  ,  ILE_TRP_1  ,          3.93352 
  577  ,  ILE_TRP_2  ,          4.98437 
  578  ,  ILE_TRP_3  ,          6.14536 
  579  ,  ILE_TRP_4  ,          6.35018 
  580  ,  ILE_TRP_5  ,          7.27546 
  581  ,  ILE_TYR_1  ,          0.84786 
  582  ,  ILE_TYR_2  ,          1.74217 
  583  ,  ILE_TYR_3  ,          3.40737 
  584  ,  ILE_TYR_4  ,          3.68130 
  585  ,  ILE_TYR_5  ,          4.98453 
  586  ,  ILE_VAL_1  ,          0.70819 
  587  ,  ILE_VAL_2  ,          0.78192 
  588  ,  ILE_VAL_3  ,          0.81415 
  589  ,  ILE_VAL_4  ,          1.11211 
  590  ,  ILE_VAL_5  ,          1.19453 
  591  ,  LEU_ASN_1  ,          1.90474 
  592  ,  LEU_ASN_2  ,          3.09684 
  593  ,  LEU_ASN_3  ,          4.37200 
  594  ,  LEU_ASN_4  ,          4.37741 
  595  ,  LEU_ASN_5  ,          5.07077 
  596  ,  LEU_CYS_1  ,          0.83425 
  597  ,  LEU_CYS_2  ,          1.16768 
  598  ,  LEU_CYS_3  ,          1.67040 
  599  ,  LEU_CYS_4  ,          1.84447 
  600  ,  LEU_CYS_5  ,          2.04604 
  601  ,  LEU_GLN_1  ,          1.20341 
  602  ,  LEU_GLN_2  ,          1.23668 
  603  ,  LEU_GLN_3  ,          3.59712 
  604  ,  LEU_GLN_4  ,          4.61849 
  605  ,  LEU_GLN_5  ,          5.38108 
  606  ,  LEU_HIS_1  ,          3.81183 
  607  ,  LEU_HIS_2  ,          3.95089 
  608  ,  LEU_HIS_3  ,          5.21726 
  609  ,  LEU_HIS_4  ,          5.41066 
  610  ,  LEU_HIS_5  ,          5.88020 
  611  ,  LEU_LEU_1  ,          1.28507 
  612  ,  LEU_LEU_2  ,          1.58818 
  613  ,  LEU_LEU_3  ,          1.94574 
  614  ,  LEU_LEU_4  ,          2.00362 
  615  ,  LEU_LEU_5  ,          2.23354 
  616  ,  LEU_MET_1  ,          0.57070 
  617  ,  LEU_MET_2  ,          1.79274 
  618  ,  LEU_MET_3  ,          2.25496 
  619  ,  LEU_MET_4  ,          3.04867 
  620  ,  LEU_MET_5  ,          3.61959 
  621  ,  LEU_PHE_1  ,          0.67125 
  622  ,  LEU_PHE_2  ,          0.80352 
  623  ,  LEU_PHE_3  ,          1.27322 
  624  ,  LEU_PHE_4  ,          1.99560 
  625  ,  LEU_PHE_5  ,          2.35847 
  626  ,  LEU_PRO_1  ,          0.21694 
  627  ,  LEU_PRO_2  ,          0.59632 
  628  ,  LEU_PRO_3  ,          1.06313 
  629  ,  LEU_PRO_4  ,          1.52868 
  630  ,  LEU_PRO_5  ,          1.55059 
  631  ,  LEU_SER_1  ,          0.22453 
  632  ,  LEU_SER_2  ,          0.51321 
  633  ,  LEU_SER_3  ,          1.02839 
  634  ,  LEU_SER_4  ,          2.07066 
  635  ,  LEU_SER_5  ,          2.54562 
  636  ,  LEU_THR_1  ,          0.87794 
  637  ,  LEU_THR_2  ,          2.48899 
  638  ,  LEU_THR_3  ,          3.42704 
  639  ,  LEU_THR_4  ,          3.43893 
  640  ,  LEU_THR_5  ,          3.53377 
  641  ,  LEU_TRP_1  ,          1.31496 
  642  ,  LEU_TRP_2  ,          2.29554 
  643  ,  LEU_TRP_3  ,          3.26236 
  644  ,  LEU_TRP_4  ,          4.09454 
  645  ,  LEU_TRP_5  ,          4.09625 
  646  ,  LEU_TYR_1  ,          0.21136 
  647  ,  LEU_TYR_2  ,          0.49246 
  648  ,  LEU_TYR_3  ,          0.75475 
  649  ,  LEU_TYR_4  ,          0.87190 
  650  ,  LEU_TYR_5  ,          2.57819 
  651  ,  LEU_VAL_1  ,          1.12298 
  652  ,  LEU_VAL_2  ,          1.71885 
  653  ,  LEU_VAL_3  ,          2.36410 
  654  ,  LEU_VAL_4  ,          2.37384 
  655  ,  LEU_VAL_5  ,          2.77626 
  656  ,  LYS_ALA_1  ,          0.75079 
  657  ,  LYS_ALA_2  ,          1.12832 
  658  ,  LYS_ALA_3  ,          2.28701 
  659  ,  LYS_ALA_4  ,          2.61514 
  660  ,  LYS_ALA_5  ,          4.56371 
  661  ,  LYS_ASN_1  ,          0.44076 
  662  ,  LYS_ASN_2  ,          0.53892 
  663  ,  LYS_ASN_3  ,          1.86353 
  664  ,  LYS_ASN_4  ,          2.44531 
  665  ,  LYS_ASN_5  ,          4.05025 
  666  ,  LYS_CYS_1  ,          0.09738 
  667  ,  LYS_CYS_2  ,          1.20305 
  668  ,  LYS_CYS_3  ,          1.49167 
  669  ,  LYS_CYS_4  ,          2.58078 
  670  ,  LYS_CYS_5  ,          4.12228 
  671  ,  LYS_GLN_1  ,          0.17510 
  672  ,  LYS_GLN_2  ,          0.48900 
  673  ,  LYS_GLN_3  ,          1.73281 
  674  ,  LYS_GLN_4  ,          1.91926 
  675  ,  LYS_GLN_5  ,          2.97350 
  676  ,  LYS_GLY_1  ,          0.85544 
  677  ,  LYS_GLY_2  ,          3.11489 
  678  ,  LYS_GLY_3  ,          3.23011 
  679  ,  LYS_GLY_4  ,          3.70121 
  680  ,  LYS_GLY_5  ,          4.55924 
  681  ,  LYS_HIS_1  ,          1.92061 
  682  ,  LYS_HIS_2  ,          3.30277 
  683  ,  LYS_HIS_3  ,          3.62585 
  684  ,  LYS_HIS_4  ,          4.04160 
  685  ,  LYS_HIS_5  ,          4.88498 
  686  ,  LYS_ILE_1  ,          2.33695 
  687  ,  LYS_ILE_2  ,          2.53304 
  688  ,  LYS_ILE_3  ,          3.26746 
  689  ,  LYS_ILE_4  ,          3.94707 
  690  ,  LYS_ILE_5  ,          4.48909 
  691  ,  LYS_LEU_1  ,          0.17559 
  692  ,  LYS_LEU_2  ,          1.31700 
  693  ,  LYS_LEU_3  ,          2.02470 
  694  ,  LYS_LEU_4  ,          2.34386 
  695  ,  LYS_LEU_5  ,          3.59916 
  696  ,  LYS_LYS_1  ,          1.77187 
  697  ,  LYS_LYS_2  ,          3.26762 
  698  ,  LYS_LYS_3  ,          3.54146 
  699  ,  LYS_LYS_4  ,          4.39439 
  700  ,  LYS_LYS_5  ,          4.85112 
  701  ,  LYS_MET_1  ,          3.00074 
  702  ,  LYS_MET_2  ,          3.37643 
  703  ,  LYS_MET_3  ,          3.42454 
  704  ,  LYS_MET_4  ,          3.63170 
  705  ,  LYS_MET_5  ,          5.04387 
  706  ,  LYS_PHE_1  ,          0.14014 
  707  ,  LYS_PHE_2  ,          1.97394 
  708  ,  LYS_PHE_3  ,          2.22384 
  709  ,  LYS_PHE_4  ,          2.29453 
  710  ,  LYS_PHE_5  ,          3.01873 
  711  ,  LYS_PRO_1  ,          0.97414 
  712  ,  LYS_PRO_2  ,          1.14470 
  713  ,  LYS_PRO_3  ,          2.94250 
  714  ,  LYS_PRO_4  ,          3.80153 
  715  ,  LYS_PRO_5  ,          4.07975 
  716  ,  LYS_SER_1  ,          1.32474 
  717  ,  LYS_SER_2  ,          2.22704 
  718  ,  LYS_SER_3  ,          2.69711 
  719  ,  LYS_SER_4  ,          2.75877 
  720  ,  LYS_SER_5  ,          4.06070 
  721  ,  LYS_THR_1  ,          0.33493 
  722  ,  LYS_THR_2  ,          1.18826 
  723  ,  LYS_THR_3  ,          1.24802 
  724  ,  LYS_THR_4  ,          2.58335 
  725  ,  LYS_THR_5  ,          2.69423 
  726  ,  LYS_TRP_1  ,          0.38478 
  727  ,  LYS_TRP_2  ,          1.22718 
  728  ,  LYS_TRP_3  ,          4.22484 
  729  ,  LYS_TRP_4  ,          4.23970 
  730  ,  LYS_TRP_5  ,          4.77011 
  731  ,  LYS_TYR_1  ,          1.04146 
  732  ,  LYS_TYR_2  ,          1.47857 
  733  ,  LYS_TYR_3  ,          3.15699 
  734  ,  LYS_TYR_4  ,          3.60777 
  735  ,  LYS_TYR_5  ,          3.70842 
  736  ,  LYS_VAL_1  ,          0.70343 
  737  ,  LYS_VAL_2  ,          1.51031 
  738  ,  LYS_VAL_3  ,          2.85509 
  739  ,  LYS_VAL_4  ,          3.26567 
  740  ,  LYS_VAL_5  ,          3.56417 
  741  ,  MET_MET_1  ,          2.45510 
  742  ,  MET_MET_2  ,          5.33988 
  743  ,  MET_MET_3  ,          5.89064 
  744  ,  MET_MET_4  ,          6.45740 
  745  ,  MET_MET_5  ,          7.14239 
  746  ,  PHE_ASN_1  ,          1.36752 
  747  ,  PHE_ASN_2  ,          4.19451 
  748  ,  PHE_ASN_3  ,          4.63622 
  749  ,  PHE_ASN_4  ,          4.95640 
  750  ,  PHE_ASN_5  ,          5.61743 
  751  ,  PHE_CYS_1  ,          2.52998 
  752  ,  PHE_CYS_2  ,          2.80997 
  753  ,  PHE_CYS_3  ,          3.71012 
  754  ,  PHE_CYS_4  ,          3.84645 
  755  ,  PHE_CYS_5  ,          4.31965 
  756  ,  PHE_GLN_1  ,          4.15198 
  757  ,  PHE_GLN_2  ,          4.27051 
  758  ,  PHE_GLN_3  ,          4.78499 
  759  ,  PHE_GLN_4  ,          5.36589 
  760  ,  PHE_GLN_5  ,          5.77269 
  761  ,  PHE_HIS_1  ,          5.17654 
  762  ,  PHE_HIS_2  ,          5.20107 
  763  ,  PHE_HIS_3  ,          6.15086 
  764  ,  PHE_HIS_4  ,          7.41411 
  765  ,  PHE_HIS_5  ,          7.64451 
  766  ,  PHE_MET_1  ,          4.97928 
  767  ,  PHE_MET_2  ,          6.02676 
  768  ,  PHE_MET_3  ,          6.43321 
  769  ,  PHE_MET_4  ,          6.74247 
  770  ,  PHE_MET_5  ,          7.27363 
  771  ,  PHE_PHE_1  ,          3.76370 
  772  ,  PHE_PHE_2  ,          4.23205 
  773  ,  PHE_PHE_3  ,          5.68649 
  774  ,  PHE_PHE_4  ,          6.23523 
  775  ,  PHE_PHE_5  ,          6.79165 
  776  ,  PHE_SER_1  ,          1.55382 
  777  ,  PHE_SER_2  ,          2.78820 
  778  ,  PHE_SER_3  ,          4.59595 
  779  ,  PHE_SER_4  ,          5.53014 
  780  ,  PHE_SER_5  ,          5.87666 
  781  ,  PHE_THR_1  ,          4.26497 
  782  ,  PHE_THR_2  ,          4.92999 
  783  ,  PHE_THR_3  ,          6.14959 
  784  ,  PHE_THR_4  ,          6.31541 
  785  ,  PHE_THR_5  ,          7.44837 
  786  ,  PHE_TRP_1  ,          6.32370 
  787  ,  PHE_TRP_2  ,          8.40872 
  788  ,  PHE_TRP_3  ,          8.90836 
  789  ,  PHE_TRP_4  ,          9.59984 
  790  ,  PHE_TRP_5  ,          9.96014 
  791  ,  PHE_TYR_1  ,          4.13225 
  792  ,  PHE_TYR_2  ,          5.01555 
  793  ,  PHE_TYR_3  ,          5.32586 
  794  ,  PHE_TYR_4  ,          5.59785 
  795  ,  PHE_TYR_5  ,          5.86248 
  796  ,  PRO_ASN_1  ,          1.13931 
  797  ,  PRO_ASN_2  ,          3.05267 
  798  ,  PRO_ASN_3  ,          3.59272 
  799  ,  PRO_ASN_4  ,          4.46978 
  800  ,  PRO_ASN_5  ,          5.06290 
  801  ,  PRO_CYS_1  ,          0.36332 
  802  ,  PRO_CYS_2  ,          0.66578 
  803  ,  PRO_CYS_3  ,          1.35948 
  804  ,  PRO_CYS_4  ,          1.93068 
  805  ,  PRO_CYS_5  ,          2.04926 
  806  ,  PRO_GLN_1  ,          2.32910 
  807  ,  PRO_GLN_2  ,          3.20903 
  808  ,  PRO_GLN_3  ,          3.95056 
  809  ,  PRO_GLN_4  ,          4.48208 
  810  ,  PRO_GLN_5  ,          4.96111 
  811  ,  PRO_HIS_1  ,          2.92740 
  812  ,  PRO_HIS_2  ,          5.24520 
  813  ,  PRO_HIS_3  ,          5.75851 
  814  ,  PRO_HIS_4  ,          6.17355 
  815  ,  PRO_HIS_5  ,          6.94526 
  816  ,  PRO_MET_1  ,          3.50753 
  817  ,  PRO_MET_2  ,          3.79838 
  818  ,  PRO_MET_3  ,          4.08517 
  819  ,  PRO_MET_4  ,          4.50475 
  820  ,  PRO_MET_5  ,          5.30276 
  821  ,  PRO_PHE_1  ,          2.03193 
  822  ,  PRO_PHE_2  ,          3.34777 
  823  ,  PRO_PHE_3  ,          3.64190 
  824  ,  PRO_PHE_4  ,          4.32372 
  825  ,  PRO_PHE_5  ,          4.56540 
  826  ,  PRO_PRO_1  ,          0.34247 
  827  ,  PRO_PRO_2  ,          0.63535 
  828  ,  PRO_PRO_3  ,          0.90046 
  829  ,  PRO_PRO_4  ,          1.68840 
  830  ,  PRO_PRO_5  ,          2.38737 
  831  ,  PRO_SER_1  ,          0.18179 
  832  ,  PRO_SER_2  ,          0.94985 
  833  ,  PRO_SER_3  ,          0.96322 
  834  ,  PRO_SER_4  ,          2.09143 
  835  ,  PRO_SER_5  ,          2.59093 
  836  ,  PRO_THR_1  ,          0.40640 
  837  ,  PRO_THR_2  ,          1.53004 
  838  ,  PRO_THR_3  ,          1.53846 
  839  ,  PRO_THR_4  ,          3.63676 
  840  ,  PRO_THR_5  ,          4.60765 
  841  ,  PRO_TRP_1  ,          2.57761 
  842  ,  PRO_TRP_2  ,          3.08228 
  843  ,  PRO_TRP_3  ,          4.27743 
  844  ,  PRO_TRP_4  ,          4.80683 
  845  ,  PRO_TRP_5  ,          5.10016 
  846  ,  PRO_TYR_1  ,          0.70331 
  847  ,  PRO_TYR_2  ,          1.51937 
  848  ,  PRO_TYR_3  ,          1.73297 
  849  ,  PRO_TYR_4  ,          2.85132 
  850  ,  PRO_TYR_5  ,          3.61560 
  851  ,  PRO_VAL_1  ,          0.85006 
  852  ,  PRO_VAL_2  ,          1.92173 
  853  ,  PRO_VAL_3  ,          2.43740 
  854  ,  PRO_VAL_4  ,          3.03360 
  855  ,  PRO_VAL_5  ,          3.08864 
  856  ,  SER_ASN_1  ,          2.17757 
  857  ,  SER_ASN_2  ,          2.54748 
  858  ,  SER_ASN_3  ,          2.59269 
  859  ,  SER_ASN_4  ,          2.78920 
  860  ,  SER_ASN_5  ,          3.70994 
  861  ,  SER_CYS_1  ,          2.45552 
  862  ,  SER_CYS_2  ,          2.50577 
  863  ,  SER_CYS_3  ,          2.70313 
  864  ,  SER_CYS_4  ,          4.21497 
  865  ,  SER_CYS_5  ,          4.21703 
  866  ,  SER_GLN_1  ,          0.12129 
  867  ,  SER_GLN_2  ,          1.29755 
  868  ,  SER_GLN_3  ,          1.52300 
  869  ,  SER_GLN_4  ,          1.64594 
  870  ,  SER_GLN_5  ,          1.92794 
  871  ,  SER_MET_1  ,          0.21722 
  872  ,  SER_MET_2  ,          0.37954 
  873  ,  SER_MET_3  ,          1.01269 
  874  ,  SER_MET_4  ,          1.91919 
  875  ,  SER_MET_5  ,          2.66786 
  876  ,  SER_SER_1  ,          1.90302 
  877  ,  SER_SER_2  ,          3.43386 
  878  ,  SER_SER_3  ,          3.67108 
  879  ,  SER_SER_4  ,          3.67717 
  880  ,  SER_SER_5  ,          3.89430 
  881  ,  SER_THR_1  ,          2.97749 
  882  ,  SER_THR_2  ,          4.56487 
  883  ,  SER_THR_3  ,          4.89428 
  884  ,  SER_THR_4  ,          5.74290 
  885  ,  SER_THR_5  ,          6.53382 
  886  ,  THR_ASN_1  ,          0.09123 
  887  ,  THR_ASN_2  ,          0.11600 
  888  ,  THR_ASN_3  ,          0.15494 
  889  ,  THR_ASN_4  ,          1.61800 
  890  ,  THR_ASN_5  ,          3.31223 
  891  ,  THR_CYS_1  ,          2.22809 
  892  ,  THR_CYS_2  ,          3.01393 
  893  ,  THR_CYS_3  ,          3.35785 
  894  ,  THR_CYS_4  ,          3.56146 
  895  ,  THR_CYS_5  ,          4.21245 
  896  ,  THR_GLN_1  ,          0.41866 
  897  ,  THR_GLN_2  ,          0.94280 
  898  ,  THR_GLN_3  ,          1.12586 
  899  ,  THR_GLN_4  ,          1.23596 
  900  ,  THR_GLN_5  ,          1.47867 
  901  ,  THR_MET_1  ,          0.20788 
  902  ,  THR_MET_2  ,          0.48577 
  903  ,  THR_MET_3  ,          1.16891 
  904  ,  THR_MET_4  ,          2.29787 
  905  ,  THR_MET_5  ,          2.65151 
  906  ,  THR_THR_1  ,          3.05756 
  907  ,  THR_THR_2  ,          4.68923 
  908  ,  THR_THR_3  ,          6.60502 
  909  ,  THR_THR_4  ,          6.94553 
  910  ,  THR_THR_5  ,          7.34409 
  911  ,  TRP_ASN_1  ,          0.50575 
  912  ,  TRP_ASN_2  ,          1.82048 
  913  ,  TRP_ASN_3  ,          2.51940 
  914  ,  TRP_ASN_4  ,          3.65900 
  915  ,  TRP_ASN_5  ,          3.82266 
  916  ,  TRP_CYS_1  ,          0.14488 
  917  ,  TRP_CYS_2  ,          1.87784 
  918  ,  TRP_CYS_3  ,          2.07476 
  919  ,  TRP_CYS_4  ,          3.64610 
  920  ,  TRP_CYS_5  ,          3.99954 
  921  ,  TRP_GLN_1  ,          0.71404 
  922  ,  TRP_GLN_2  ,          4.77757 
  923  ,  TRP_GLN_3  ,          5.09129 
  924  ,  TRP_GLN_4  ,          5.65739 
  925  ,  TRP_GLN_5  ,          6.59260 
  926  ,  TRP_HIS_1  ,          3.29965 
  927  ,  TRP_HIS_2  ,          3.36073 
  928  ,  TRP_HIS_3  ,          3.92693 
  929  ,  TRP_HIS_4  ,          5.32986 
  930  ,  TRP_HIS_5  ,          5.99051 
  931  ,  TRP_MET_1  ,          4.97817 
  932  ,  TRP_MET_2  ,          5.58457 
  933  ,  TRP_MET_3  ,          6.01554 
  934  ,  TRP_MET_4  ,          6.14991 
  935  ,  TRP_MET_5  ,          6.90021 
  936  ,  TRP_SER_1  ,          1.42274 
  937  ,  TRP_SER_2  ,          2.72640 
  938  ,  TRP_SER_3  ,          2.95615 
  939  ,  TRP_SER_4  ,          3.80210 
  940  ,  TRP_SER_5  ,          4.15066 
  941  ,  TRP_THR_1  ,          1.64407 
  942  ,  TRP_THR_2  ,          3.58065 
  943  ,  TRP_THR_3  ,          4.92968 
  944  ,  TRP_THR_4  ,          4.93559 
  945  ,  TRP_THR_5  ,          5.47333 
  946  ,  TRP_TRP_1  ,          5.56570 
  947  ,  TRP_TRP_2  ,          6.45996 
  948  ,  TRP_TRP_3  ,          7.24816 
  949  ,  TRP_TRP_4  ,          9.45025 
  950  ,  TRP_TRP_5  ,         10.50123 
  951  ,  TRP_TYR_1  ,          1.28544 
  952  ,  TRP_TYR_2  ,          2.64884 
  953  ,  TRP_TYR_3  ,          3.23045 
  954  ,  TRP_TYR_4  ,          3.76853 
  955  ,  TRP_TYR_5  ,          3.95776 
  956  ,  TYR_ASN_1  ,          0.13086 
  957  ,  TYR_ASN_2  ,          1.92574 
  958  ,  TYR_ASN_3  ,          3.45695 
  959  ,  TYR_ASN_4  ,          4.27135 
  960  ,  TYR_ASN_5  ,          5.03463 
  961  ,  TYR_CYS_1  ,          2.31659 
  962  ,  TYR_CYS_2  ,          2.41702 
  963  ,  TYR_CYS_3  ,          2.58592 
  964  ,  TYR_CYS_4  ,          3.47915 
  965  ,  TYR_CYS_5  ,          4.17763 
  966  ,  TYR_GLN_1  ,          1.09364 
  967  ,  TYR_GLN_2  ,          3.47701 
  968  ,  TYR_GLN_3  ,          3.69388 
  969  ,  TYR_GLN_4  ,          3.84962 
  970  ,  TYR_GLN_5  ,          4.19030 
  971  ,  TYR_HIS_1  ,          2.87964 
  972  ,  TYR_HIS_2  ,          3.94066 
  973  ,  TYR_HIS_3  ,          4.41505 
  974  ,  TYR_HIS_4  ,          5.09943 
  975  ,  TYR_HIS_5  ,          5.77617 
  976  ,  TYR_MET_1  ,          3.81165 
  977  ,  TYR_MET_2  ,          4.41898 
  978  ,  TYR_MET_3  ,          4.46969 
  979  ,  TYR_MET_4  ,          4.61270 
  980  ,  TYR_MET_5  ,          5.36268 
  981  ,  TYR_SER_1  ,          2.89660 
  982  ,  TYR_SER_2  ,          4.17755 
  983  ,  TYR_SER_3  ,          4.81297 
  984  ,  TYR_SER_4  ,          5.34952 
  985  ,  TYR_SER_5  ,          6.12266 
  986  ,  TYR_THR_1  ,          1.86986 
  987  ,  TYR_THR_2  ,          4.20761 
  988  ,  TYR_THR_3  ,          4.41907 
  989  ,  TYR_THR_4  ,          4.81320 
  990  ,  TYR_THR_5  ,          6.18020 
  991  ,  TYR_TYR_1  ,          2.57670 
  992  ,  TYR_TYR_2  ,          3.37909 
  993  ,  TYR_TYR_3  ,          3.76363 
  994  ,  TYR_TYR_4  ,          3.87652 
  995  ,  TYR_TYR_5  ,          4.57451 
  996  ,  VAL_ASN_1  ,          1.61124 
  997  ,  VAL_ASN_2  ,          2.92462 
  998  ,  VAL_ASN_3  ,          4.64937 
  999  ,  VAL_ASN_4  ,          4.86443 
 1000  ,  VAL_ASN_5  ,          5.91813 
 1001  ,  VAL_CYS_1  ,          2.23177 
 1002  ,  VAL_CYS_2  ,          2.94584 
 1003  ,  VAL_CYS_3  ,          3.44751 
 1004  ,  VAL_CYS_4  ,          3.58644 
 1005  ,  VAL_CYS_5  ,          3.76398 
 1006  ,  VAL_GLN_1  ,          1.66478 
 1007  ,  VAL_GLN_2  ,          2.34489 
 1008  ,  VAL_GLN_3  ,          2.71782 
 1009  ,  VAL_GLN_4  ,          2.96248 
 1010  ,  VAL_GLN_5  ,          3.52962 
 1011  ,  VAL_HIS_1  ,          3.35958 
 1012  ,  VAL_HIS_2  ,          6.01305 
 1013  ,  VAL_HIS_3  ,          6.18690 
 1014  ,  VAL_HIS_4  ,          6.31951 
 1015  ,  VAL_HIS_5  ,          6.44113 
 1016  ,  VAL_MET_1  ,          2.97414 
 1017  ,  VAL_MET_2  ,          3.83443 
 1018  ,  VAL_MET_3  ,          3.96955 
 1019  ,  VAL_MET_4  ,          4.34830 
 1020  ,  VAL_MET_5  ,          4.43354 
 1021  ,  VAL_PHE_1  ,          2.67759 
 1022  ,  VAL_PHE_2  ,          3.30155 
 1023  ,  VAL_PHE_3  ,          3.35749 
 1024  ,  VAL_PHE_4  ,          3.84677 
 1025  ,  VAL_PHE_5  ,          3.85724 
 1026  ,  VAL_SER_1  ,          0.65404 
 1027  ,  VAL_SER_2  ,          0.80010 
 1028  ,  VAL_SER_3  ,          0.87566 
 1029  ,  VAL_SER_4  ,          0.95524 
 1030  ,  VAL_SER_5  ,          1.03363 
 1031  ,  VAL_THR_1  ,          0.12931 
 1032  ,  VAL_THR_2  ,          0.37078 
 1033  ,  VAL_THR_3  ,          0.44697 
 1034  ,  VAL_THR_4  ,          2.49476 
 1035  ,  VAL_THR_5  ,          2.53024 
 1036  ,  VAL_TRP_1  ,          4.71980 
 1037  ,  VAL_TRP_2  ,          4.81993 
 1038  ,  VAL_TRP_3  ,          6.51215 
 1039  ,  VAL_TRP_4  ,          7.76863 
 1040  ,  VAL_TRP_5  ,          7.90514 
 1041  ,  VAL_TYR_1  ,          2.57719 
 1042  ,  VAL_TYR_2  ,          2.96994 
 1043  ,  VAL_TYR_3  ,          3.61825 
 1044  ,  VAL_TYR_4  ,          3.76154 
 1045  ,  VAL_TYR_5  ,          5.38459 
 1046  ,  VAL_VAL_1  ,          0.60678 
 1047  ,  VAL_VAL_2  ,          1.14499 
 1048  ,  VAL_VAL_3  ,          1.26911 
 1049  ,  VAL_VAL_4  ,          1.40711 
 1050  ,  VAL_VAL_5  ,          1.84756 
